IPCBA (base 2021 = 100) según principales aperturas.  Índice mensual empalmado con la serie anterior (base julio 2011 - junio 2012 = 100). Ciudad de Buenos Aires. Julio de 2012 / febrero de 2022,,,,,,,,,,,,,,,,,,,,,,,,,,,,,,,,,,,,,,,,,,,,,,,,,,,,,,,,,,,,,,,,,,,,,,,,,,,,,,,,,,,,,,,,,,,,,,,,,,,,,,,,,,,,,,,,,,,,
,,,,,,,,,,,,,,,,,,,,,,,,,,,,,,,,,,,,,,,,,,,,,,,,,,,,,,,,,,,,,,,,,,,,,,,,,,,,,,,,,,,,,,,,,,,,,,,,,,,,,,,,,,,,,,,,,,,,
Apertura,Índice1,,,,,,,,,,,,,,,,,,,,,,,,,,,,,,,,,,,,,,,,,,,,,,,,,,,,,,,,,,,,,,,,,,,,,,,,,,,,,,,,,,,,,,,,,,,,,,,,,,,,,,,,,,,,,,,,,,,
,07/01/2012,08/01/2012,09/01/2012,10/01/2012,11/01/2012,12/01/2012,01/01/2013,02/01/2013,03/01/2013,04/01/2013,05/01/2013,06/01/2013,07/01/2013,08/01/2013,09/01/2013,10/01/2013,11/01/2013,12/01/2013,01/01/2014,02/01/2014,03/01/2014,04/01/2014,05/01/2014,06/01/2014,07/01/2014,08/01/2014,09/01/2014,10/01/2014,11/01/2014,12/01/2014,01/01/2015,02/01/2015,03/01/2015,04/01/2015,05/01/2015,06/01/2015,07/01/2015,08/01/2015,09/01/2015,10/01/2015,11/01/2015,12/01/2015,01/01/2016,02/01/2016,03/01/2016,04/01/2016,05/01/2016,06/01/2016,07/01/2016,08/01/2016,09/01/2016,10/01/2016,11/01/2016,12/01/2016,01/01/2017,02/01/2017,03/01/2017,04/01/2017,05/01/2017,06/01/2017,07/01/2017,08/01/2017,09/01/2017,10/01/2017,11/01/2017,12/01/2017,01/01/2018,02/01/2018,03/01/2018,04/01/2018,05/01/2018,06/01/2018,07/01/2018,08/01/2018,09/01/2018,10/01/2018,11/01/2018,12/01/2018,01/01/2019,02/01/2019,03/01/2019,04/01/2019,05/01/2019,06/01/2019,07/01/2019,08/01/2019,09/01/2019,10/01/2019,11/01/2019,12/01/2019,01/01/2020,02/01/2020,03/01/2020,04/01/2020,05/01/2020,06/01/2020,07/01/2020,08/01/2020,09/01/2020,10/01/2020,11/01/2020,12/01/2020,01/01/2021,02/01/2021,03/01/2021,04/01/2021,05/01/2021,06/01/2021,07/01/2021,08/01/2021,09/01/2021,10/01/2021,11/01/2021,12/01/2021,01/01/2022,02/01/2022
Nivel General,6.43638768988037,6.58509262620965,6.68365287470697,6.78221312320429,6.92284879942268,7.05944984558563,7.22141142352567,7.30037489746796,7.41334453902044,7.56204947534973,7.67501911690221,7.81968942317605,8.01162253867083,8.17819512238851,8.35283696621709,8.53670082160098,8.73958507581768,8.93728194853452,9.36610548585618,9.77590862434503,10.1326851963909,10.4491154678823,10.7096372943196,10.9597843577573,11.2035912882506,11.4583493574659,11.7159893052922,11.9419285883972,12.1597986113913,12.3367459581087,12.5782473857132,12.7609584896527,12.9730647554247,13.2802730153608,13.5742246336861,13.7575121133478,14.0382070900624,14.2952706621665,14.5321610839933,14.77942626882,15.0681905056454,15.6583992451849,16.3062455569451,16.953515492983,17.5160581978566,18.6624695093254,19.601961936522,20.2336697280604,20.6699861497707,20.5132119533306,20.7887195485453,21.3916085539733,21.8152447097951,22.0861412992322,22.5034373221097,22.9881693044854,23.6521541364673,24.1524482633426,24.5893410607752,24.9651380316538,25.4054890834196,25.8181741005195,26.2274008632861,26.6297111173863,26.9663145391549,27.8562386542418,28.3063880932851,29.040114387654,29.6591419133038,30.5594407913904,31.2701120568711,32.4136414897289,33.2856979574274,34.5012743555609,36.5756505797822,38.5024746191187,39.5774153410339,40.5197896468416,42.0667820852439,43.4840899861498,45.2172517828248,46.889317752946,48.3613813474615,49.6979966472584,50.7954160223397,52.5193558074594,55.1597329908875,56.684823151846,58.9545907458954,61.0093701955617,62.4952668074101,63.6497473789898,65.39731856872,66.683789180685,67.3241426080564,68.2780444283083,69.3794984334449,71.0515644035661,72.6440905240227,74.444688280196,76.7156086256897,79.5986399881668,82.6517021886948,85.0073497653529,88.3128645322074,91.8673736110551,95.1786521351316,98.2334434628262,101.128002339747,104.077316910278,107.601278075849,111.573659553296,114.373116436054,118.765099439267,123.546712430693,128.59
Alimentos y bebidas no alcohólicas,6.24944902465955,6.37884504968715,6.48333640044166,6.61110820758189,6.81792528524107,6.87314869341185,6.99713065881487,7.0713032756717,7.14926573426573,7.20124070666176,7.25808833271991,7.45516010305484,7.69608575634891,7.96895436142804,8.13570739786529,8.35876665439823,8.61755870445344,8.96243430253956,9.29973021715127,9.91422598454177,10.2266172248804,10.3939116672801,10.5265561280824,10.7138825910931,10.8865910931174,11.1318479941112,11.3787291129923,11.6423938167096,11.8308030916452,11.9731928597718,12.2363161575267,12.3695020242915,12.5449175561281,12.7766393080604,13.022979020979,13.0727883695252,13.3721858667648,13.7251825542878,13.9704394552816,14.0592300331248,14.3266845785793,15.0305123297755,15.7348814869341,16.3255553919764,16.9059425837321,17.2053400809717,17.8669381670961,18.3958917924181,18.9492086860508,19.1251656238498,19.5052326094958,19.8658089804932,20.0672119985278,20.1321807140228,20.4662281928598,20.9112638940007,21.4142300331248,21.7412392344498,22.0817835848362,22.3313717335296,22.608030180346,23.1207416267943,23.5235476628634,23.8862896577107,24.2344136915716,24.347026131763,24.7877305852043,25.2782443871917,25.8775807876334,26.2717243283033,27.1141520058888,28.3371880750828,29.4292039013618,30.5753603238866,32.5016827383143,34.6905870445344,35.9856301067354,36.6786297386824,38.0121126242179,39.6655664335664,41.5577802723592,42.849033492823,44.1635671696724,45.4748524107472,46.6572830327567,48.3015329407435,51.0421299227089,52.5889267574531,55.1735988222304,57.2087438351123,59.9455509753404,61.1875362532205,63.4056764814133,64.5096032388664,64.9476006624954,65.7288494663231,66.7098770702981,68.8646728008833,70.5181266102319,73.3226094957674,75.5017684946632,77.9137320574163,81.1811170408539,84.7127081339713,87.5946120721384,91.5522896577107,94.6778262789842,98.2191626794258,101.894226352595,103.922874493927,107.14748840633,111.086216783217,113.308688259109,117.491049319102,123.272723592197,132.39
Alimentos,6.21386098525798,6.33373044890093,6.42726088241606,6.55841850182808,6.76375543057968,6.80783299120175,6.93899061061377,7.01532004486175,7.1007875099704,7.15937841372413,7.20184338066491,7.39642968487454,7.65121948651921,7.93342338074589,8.10382077973609,8.32904636389034,8.57469813467433,8.90312971443147,9.22134820087375,9.86369801725639,10.1803039100174,10.3238247476527,10.4469193986582,10.6382805155052,10.8011524773161,11.046266716873,11.2946061437924,11.5343450710783,11.7036674076144,11.8278371210741,12.0740264230852,12.193358355501,12.362680692037,12.5739304642867,12.8066814856204,12.8405459529276,13.154464189553,13.514610111709,13.7667122572182,13.836591316741,14.0967564306566,14.8406996489609,15.5738922427231,16.1796899356631,16.768824160563,17.0429650863832,17.7417556816111,18.2932627206141,18.8646584150198,18.9909782533879,19.340911082229,19.7048197229746,19.854253404108,19.8553284665622,20.1531207663747,20.6105598406355,21.148091067734,21.4840480846705,21.8280680700135,22.0667319348452,22.3199091428086,22.8208882464643,23.2030729489313,23.5449428093659,23.8529482024933,23.9228272620161,24.364677930691,24.8382429417647,25.4230769168478,25.8036490256335,26.6712244261704,27.9005583425446,29.011635388957,30.1452887469077,31.9476309513687,34.0391649560088,35.252910466797,35.8554829723744,37.1853352282159,38.8780210623489,40.8830125394261,42.1902884837295,43.4771382414032,44.6941089395541,45.8922660447565,47.5172229442751,50.1812277057749,51.6115983010839,54.2347506893243,56.2633935403938,59.0795196391625,60.272301432094,62.5648721156688,63.8114070313101,64.2924974795632,65.1428718808329,66.1340794636025,68.2352890303303,70.0231178916597,72.9273991116726,75.0721487077953,77.549630133492,80.9419897077103,84.604189957932,87.6380162036756,91.7227159983966,94.951666079577,98.5020598345622,102.137921054656,103.922524728623,106.985915191857,110.985147521469,113.161611459991,117.268350035023,123.206457500779,132.76
Pan y cereales,6.78951317158023,6.98771743418693,7.12837852377878,7.27775827594864,7.3864509360878,7.48119373610215,7.63406095330321,7.8218028208163,7.90550198156517,8.10254375582814,8.28621691413816,8.7012252528513,9.10925866150205,9.42778046768525,9.61959104440141,9.87882594505416,10.374045979485,10.8849596065562,11.1796504016928,11.6708017269206,12.0178044975253,12.1793903773044,12.4153755110824,12.6740291675633,12.9024581271071,13.1221684240729,13.366872220429,13.5889074940822,13.7551433272362,13.974853624202,14.1620142475432,14.2585007800732,14.3910244512589,14.6037598181623,14.8310262893623,14.9867997274227,15.226272326232,15.5349129814934,15.7267235582096,15.8755220662076,16.1498693153289,16.727044777993,17.4222128075461,18.0145006186787,18.3713845402052,18.8729982605265,19.5158543146116,19.9273751882935,20.3109963417258,20.6539304031275,21.1479879492145,21.4856908130694,21.688545029051,22.0088105677498,22.2604892941683,22.7295533408651,23.2166359568898,23.5717761459006,23.8310110465533,24.1768513288143,24.6203406319489,24.9748995767879,25.1742663277383,25.3509645559859,25.6886674198408,25.9926581217273,26.3623294150348,26.8755680187935,27.6974472778136,28.5222327576931,29.7562141345671,31.7934749569615,33.025131357148,33.9812780198694,36.9589919123449,39.5815656158095,40.8696027006671,42.0007038591206,43.3195468850871,44.3454428484327,45.9403768560362,47.4475429936877,48.9041408883868,50.4514128738971,51.3093292715731,53.4494703123879,57.5042296553332,58.9218841905172,61.1957113908615,63.3166713740047,66.3001977081989,67.4708234703393,69.1058633258016,69.2197871834876,69.8678744351194,70.5816422781723,71.7098372157665,73.2908213632451,73.6477052847715,75.6994972114626,77.5548286080626,79.3514543433039,80.98765668711,84.0147763341941,86.9233221702174,90.3846312136863,94.5411082867083,98.1785343142529,101.757835924611,105.499885903092,108.213133697368,112.503296929919,115.578078599096,119.460208422997,123.537636288645,129.65
Carnes y derivados,6.37979394247812,6.39688878155229,6.4880612566145,6.60145702247312,6.5820828715224,6.63564670062145,6.71941141208486,6.8875106629808,6.99634780508632,7.01458230009876,7.00033660087029,7.02939782729637,7.0709952690435,7.08638062421025,7.18268155099471,7.36787564096482,7.79866558563376,8.28700815518572,8.47733069687809,9.40045200688296,9.66314270065595,9.79021433777391,9.9281127063055,9.95717393273158,10.1543344100536,10.5218734501481,10.8569322960018,11.0022384281322,11.06321002083,11.1481143882317,11.2102256368678,11.3743360919798,11.5458543106906,11.6848923351605,11.7851820577289,11.7840424017906,12.0706658702674,12.3823617693864,12.6575886784804,12.8564586397098,13.3755719195953,15.2765180246424,15.8685692845776,16.1363884300728,16.4879722870315,16.6885517321683,17.0435545569418,17.3427142407397,17.503975556006,17.7062644850503,18.0310664274594,18.353589057992,18.3980356395848,18.5461909115609,18.5404926318695,18.5872185253389,19.1627447741691,19.6111993858813,19.934291844383,19.9268840807842,20.0824471163591,20.3582438534223,20.7041294306895,20.9787865118145,21.1161150523769,21.2540134209085,21.4511738982305,22.1195821060304,22.7919791096141,23.2267578500671,23.5612468679515,24.7259752368713,25.5026507588075,26.5026988446461,28.6577882239291,29.9062813043122,30.4202661324754,30.857894012774,32.3548320877017,35.1133692863027,38.1630885771336,39.3380738494978,39.2696944932011,39.5774015965361,39.7557577508765,40.8304533006723,43.2835627078149,44.1941478024987,46.4637726035786,48.9977975823389,52.0304220340957,52.7979803085256,55.2106319298594,56.5537164531195,55.9024030843939,56.6711010147621,58.2922615869621,60.1573085299534,61.2941153283853,63.8304196190222,66.9525070619337,75.2452134968108,81.3537693259789,84.1054685889502,87.6771502995122,91.9172402178741,95.9556110351609,100.886332452119,102.01744097086,102.277282524787,104.06825183179,106.370356827111,111.456071451675,122.318702027368,126.012896751295,132.13
Pescados y mariscos,6.21680232438336,6.16986338065899,6.03217581240083,6.10623503472151,6.03426198767747,6.05147293370974,6.34197284098168,6.42750602732387,6.60743864493396,6.5448533866348,6.62986502915782,6.6961010941911,6.78580663108657,6.94539903974943,6.96052381050506,6.91619258587649,7.07526345072019,7.23746357847885,7.62288446083785,8.40520018957737,8.991936986132,9.63447897133673,9.50200684127017,9.64699602299656,9.78937748562715,9.92393579097035,9.96774547177976,10.2671116239774,10.3317830575532,10.4293117517361,10.9414677821509,11.2100628490181,11.3931247295432,11.7279558614437,11.7013571266665,11.5907898370047,11.6565043582188,11.8286138185415,11.8593849038719,12.000201735045,12.2458488738692,12.6265758618558,13.3744696985308,14.6637260194935,15.2687168497187,16.6440279008428,17.000763873148,16.9480879474129,17.1864334727689,17.3126470770055,17.5165707102969,18.0480238620207,18.157026520225,18.0568901069464,18.6775272517464,19.2178466483958,19.440545859177,19.7357396608214,19.7122701889592,19.8327468111851,20.1341991386594,20.1555824352449,20.8638389416637,20.8925238517175,21.1006198355622,20.8565373281955,21.6273790929135,22.9786991283562,23.7557994189042,24.3435793030971,25.7950357518185,26.2367833666468,28.2165637041769,29.3691755445198,31.3724253539121,33.8127288837602,34.6174709967236,35.1906476539801,37.3331496630881,38.2943549217993,40.1635679696676,41.8392882606277,42.4891318593006,42.7561622947104,43.7799528117208,45.0686875888644,48.5395617053721,50.3519264769519,51.0132440396464,52.4532265243463,58.3831797481918,60.5898316470564,61.6782935976426,62.234780852686,62.4105411197428,62.9153955366894,64.9734074470935,67.4882917430815,68.1136227822539,70.7307296667972,71.576152197655,72.9154767252571,77.3126126645923,81.2826042160358,86.3139374394692,91.728605369985,93.6963901996744,100.412831502813,103.417445444992,105.950062230831,109.040209359352,109.645200189577,109.54402068866,112.916323023347,119.751676317254,126.55
"Leche, productos lácteos y huevos",5.71148709957771,5.78543816258476,5.81551159487429,5.9639067279751,6.1118088539892,6.29126343355297,6.43374248161321,6.52839984226224,6.60037887692243,6.76109918719108,6.90505725651147,7.32164824478451,7.55582661097349,7.67168327635121,7.79247001259605,7.89057842285207,8.04784768351373,8.50979532376442,8.82088279548074,9.06294927505714,9.36614863338604,9.53820810664911,9.6535717649401,9.89662425868994,10.1534809508678,10.5281663367701,10.7919251281619,10.9906069841075,11.1799217054056,11.3746595046575,11.5940476582451,11.7172994299235,11.9559148598929,12.2763694662568,12.3853240324205,12.558369519857,12.7836737584851,12.8600898569257,12.9172786789845,13.0646877979119,13.2658346892911,13.6212927988116,14.3046006209967,14.800072743144,15.1525728101442,15.4902826645431,16.5591220285383,17.1748878798436,17.6333844704873,18.1273775713744,18.4207167879691,18.8417448400225,19.2085421125375,19.5033603503922,20.1570877473746,20.6836193159847,21.0617557514941,21.7292873469044,22.361815439158,22.8942630928088,23.3749450023546,23.630815680359,23.9640884709774,24.0986794056502,24.4965361246282,24.6326060805611,24.8110746459515,25.0526481184412,25.5515712901954,26.2565714241959,26.8955086085768,28.0210437875441,28.7294949711516,29.51732029572,31.654013009537,33.8602197225806,35.6153249512812,37.0810350200809,38.5137136140708,39.6703082395011,42.1994345943421,45.0761309453163,48.9270092996367,51.126806920553,52.4036952751414,53.6436080982262,55.2424300804386,57.2331926965884,58.6949587086943,60.6349415949126,64.2028338814593,65.1543375588167,66.4913727779841,66.8665511709732,67.5281666813429,67.9112331877194,68.9440830343846,70.7371498087621,71.3455205537668,72.7767201264965,73.8894371212092,74.3849092433564,75.8274479790806,78.8495814206353,82.8177954615935,89.0592651793884,93.5155562361932,98.6911446325131,103.628117598864,107.163964424774,110.353227268725,114.057682518291,114.761203631031,117.817354561569,121.773736432447,128.77
"Aceites, mantecas y otras grasas",4.75421730913595,5.14565460594536,5.20593227418643,5.25114052536724,5.37316604887966,5.35809663181939,5.58781335529909,5.58671071502639,5.77085164056772,5.94212842959419,6.01821060841067,6.14317650598362,6.26483448273848,6.4728659475217,6.80145274878706,7.06682150775082,7.19840324695999,7.01168949411569,7.04587134256947,7.68687288776723,7.58065187483022,7.82065990752181,7.92688092045883,8.05037663100152,8.15953801799907,8.29736805208689,8.4002811442058,8.66748763695739,8.84868818843818,8.89904209422493,9.07656717813005,9.31179710297326,9.42279622375866,9.62678467420863,9.81937917517402,9.90501756968725,10.0693109703199,10.3060110821934,10.4306094330088,10.6268794015499,10.8334406793028,11.0256676335106,11.735032875616,12.1555063662732,12.2793696235735,12.4785799661751,12.8803085721964,14.0388159520492,16.062528399216,17.3272567920059,18.106455918049,18.7092326004598,19.1411000406016,19.7012412991345,19.9000840949785,20.0842250205199,20.2084558245777,20.406195980149,20.6300319555076,20.7935902626252,21.029187734226,21.41841975049,21.777880479391,21.9899549585075,22.1715230567459,22.3100881843488,22.7026281214309,23.0819363752406,23.5476181170787,23.9750749961297,24.8913690627455,26.9974119836075,28.6366705223586,30.1947012276874,34.081508188964,36.9752038112931,38.0576290123294,38.5056685098043,38.9290823745221,39.1716632345166,39.4491610364801,40.6117114306662,42.3009563284465,44.2232258705247,45.297197496137,45.9352586672742,49.0432340492652,50.6280956678964,51.2532927025188,52.8028698324235,56.1111581972888,58.7519816504114,60.3353730820123,60.113007293684,60.3515451393453,60.8528789166674,62.6281297557186,64.7815862083067,65.7225059076796,69.2204483994497,72.1380345610207,74.7432059786593,78.3260517714276,83.2827873439832,87.298603217166,91.9182984130322,94.5664728013063,99.6173003437992,103.387962529684,106.283128339044,109.388898440489,110.948399332848,113.713821136787,116.769972425961,121.201116135195,125.83
Frutas,5.91272890110969,5.81872281253069,5.89697652950997,6.22726819208485,6.95086100363351,7.08348580968281,7.12566151428852,7.04334266915447,6.98592273396838,6.90563645291172,6.74709645487577,6.70492075027006,6.93764933713051,7.29385619169204,7.30503529411765,7.5255684965138,8.61146585485613,9.09572424629284,9.98497103014829,10.4859980752234,10.6750265344201,10.5988053815182,10.4204478837278,10.1800971815771,10.1043841696946,10.4788841009526,10.911312108416,11.2466851811843,11.473824216832,11.2619294117647,11.5485209466758,11.6069571639006,11.7695622900913,11.6440514583129,11.5754524207012,11.5536023568693,11.7934449180006,12.5983402926446,12.5912263183738,12.880866699401,13.6288502798782,14.2752056564863,16.1065458902092,18.3611675930472,19.4861918098792,18.513609898851,16.664484729451,16.4536062064225,16.8453829323382,17.0598184425022,17.5633861926741,18.5562937444761,19.1670792497299,19.3098668761662,19.7509332809585,20.3784874398507,20.1406774427968,19.6081456545222,20.1396611607581,20.3352954532063,20.4653795541589,21.1112267897476,21.9867537660807,22.7606525385446,24.116880919179,24.8435225768438,25.7998439752529,27.3522147893548,28.4462424040067,27.1459095355004,26.8359435136993,26.1692624963174,26.0462923696357,26.1677380732594,28.4548808013356,30.6637698124325,31.7806637729549,32.212583639399,33.1699213198468,34.0678065010311,33.6506227241481,33.2334389472651,33.1033548463125,32.9280461946381,32.8889193361485,35.5754609054306,38.3570248453305,40.347921359128,50.8232484729451,53.5047086320338,54.023520612786,54.2633631739173,56.4107671216734,60.3966252774232,60.4718301482864,61.5805938524993,62.1593664735343,64.3250634979868,70.955287518413,78.0214965334381,85.6248106059118,88.688900952568,96.4853086123932,104.069313326132,101.53013265246,102.344682706472,98.9121901207896,95.3887402926446,91.7839879014043,93.3688797407444,101.323319257586,106.148626377296,110.104504212904,110.075032033782,117.109228164588,129.36
"Verduras, tubérculos y legumbres",6.49715712306817,6.99918880235324,7.18203072508974,7.18725478002507,8.11818136950063,7.64801642532106,7.83242556453815,7.5247287288473,7.67831594394596,7.49390680472886,7.29382550070578,7.27867574139332,8.02414838066471,9.37038733749889,9.93249564854025,10.5980402473011,9.65091908752604,9.00209146455822,9.44404651208702,10.5954282198334,11.1695518572261,11.1627605858101,11.2385093823724,11.9688322623313,11.9291294448228,11.5446390015826,11.4291873875119,11.8194242911809,12.0874183093633,12.2211541157077,13.0178224933453,12.9755076483692,13.0575253108538,13.3720134179606,14.514514232317,14.0678575353464,14.9512452249104,15.9506069340388,16.9139226641134,16.0613568986677,15.5217120238483,14.8023596592536,15.2960328506421,15.7630633618605,17.7440249933371,17.9744058159851,20.7180794680196,22.7695658411232,24.9788186732736,23.1577131228181,23.1843558029883,22.9675575231721,22.2884303815794,20.2562730117366,20.548820088115,21.9546132712119,23.7213886503401,23.5839960055409,23.5578757308643,23.6226540120623,23.2736871423824,25.287037914458,25.8094434079909,26.8030586566904,26.637978520734,25.2812914540292,26.7079808568674,26.185052957841,25.9254174275552,25.6678715192435,28.5933422830275,30.3747450159746,33.6873182504664,36.8896639258228,33.7886649162118,36.3176299104043,38.196722470642,35.9911264769463,36.8661556786139,39.6051276812066,41.2836165319277,39.9023764070268,39.6526665811181,41.3860080086602,46.7892480282705,49.1849996216122,50.8138599504477,51.3503703923059,54.1316572398748,53.8479910568865,54.8295909792347,57.2478060087983,63.2481555075168,67.3897862602453,70.4019763359557,73.1127384418977,71.6552271149411,76.1306749780371,83.5765204773609,90.9701254273314,89.8469536162358,82.4068545773408,82.6440266714048,88.5367606384554,92.0170260363713,94.5329308932255,96.9015174009035,96.7061377463223,108.392871042146,105.006116227572,107.978603485774,116.705909660734,111.844404137917,104.867678771786,124.802672405,158.77
"Azúcar, repostería y postres",6.3895392132998,6.46036499607822,6.62250335830651,6.76181357567234,6.86015019969527,7.00297243934763,7.13525861214039,7.28393422227031,7.28686090750908,7.33193186018626,7.43904853992553,7.60762560967913,7.76859329781192,7.9875093536725,8.13559962675466,8.29071394440988,8.52543410055987,8.90356183340997,9.12598991155708,9.73298443007961,10.0151168870978,10.2451543468657,10.5413348930301,10.6894251661122,10.8111752720454,11.1495000856481,11.5551386597427,12.0421390834753,12.454801702143,12.6286468053264,12.8990725213895,13.0612108836178,13.2409093572787,13.4621667613303,13.6629373687105,13.8157103381747,14.0949161099541,14.4865065949026,14.7674683778253,14.9518495478683,15.0952571245684,15.7145437210938,16.4602631199344,17.026284045114,17.4641161568352,18.0834027533606,18.7618083917093,18.8419995672518,19.1235466872222,19.5098691387409,19.9927722031392,20.599181384614,21.0001372623266,21.2688069672464,21.5199165607335,21.8722894634824,22.1321791126858,22.5261109458253,22.7684404835961,23.1395441718732,23.5352320161559,23.9443826125371,24.330119727008,24.8498990254149,25.1501769309135,25.6804922961801,26.0381332323587,26.4625025919815,27.0127194168718,27.4324060801125,27.982037567955,28.5094262479828,29.1854905381404,30.1501259928416,31.8394087126642,33.8523828198956,35.1477337065787,36.8510645155474,38.1569514690901,39.1397323722717,40.2132405178554,41.9522768867372,43.5174681524356,44.6577047214634,45.5807812457739,47.5545377708057,51.2644039794805,53.6496524490845,55.7726699212939,58.9194418900279,61.8654432513816,63.5880901829263,65.6835968138912,66.6406228869716,67.2921030211235,67.6614506982573,69.1329880363148,70.7953452519406,70.6642297532434,71.5709168402167,73.7963682957834,76.4397504034476,80.114496389257,83.6780283359929,85.8004604711546,88.8658705902505,91.1562944581181,94.3826722653468,98.6509500175804,102.60724312336,106.609192518865,112.322667442007,115.952927812187,119.352565385552,124.243641756597,129.85
Otros alimentos,5.86660455441683,5.9779212618898,6.14061491127337,6.28511256039694,6.38947197365285,6.51149221069053,6.63458280068468,6.69666327215999,6.73037939028882,6.75553268476589,6.81814833271943,7.03650033583949,7.27786492752367,7.4641063419496,7.60806881459493,7.75952375793556,7.89813446579854,8.294700236171,8.62543929972049,9.10388707126297,9.46566637055013,9.76590037484021,9.94090308322319,10.1233982623015,10.2871622646415,10.5017680324139,10.7388512122722,10.9791454509999,11.1664572183823,11.2847312200724,11.5389400472342,11.7353498147466,11.9269429939549,12.279624293112,12.5894914740104,12.8624314779104,13.1862132472429,13.4238316035794,13.677505254263,13.8418044330813,14.0259051415943,14.5273655017009,15.5104846922194,16.5150109418673,17.1224362446645,17.6929343704635,18.4662643815137,19.1132927437003,19.5799666327216,19.9957987563105,20.3907589972483,20.5823521764566,20.8734881806166,21.2529283036856,21.4723506597621,21.779006781791,22.1621931402076,22.579095616753,22.9703096223431,23.2368275085043,23.6301822200074,24.0374515199445,24.3103915238446,24.6507637640023,25.1704201243689,25.5974909540008,25.9833531948086,26.5870322622581,27.4224427447837,28.0025740471909,28.8481528828028,30.3284510216021,31.5449071566312,32.6029510541027,35.90659545425,39.1535111477044,40.5535328147683,41.2642471778649,43.0672567330401,44.6770675795723,45.7072823001755,47.5782592680866,49.2207158797911,51.2688362619981,52.2128875696054,54.3086386583754,59.2756115528785,60.892914870106,63.8433427946179,67.082766017377,69.1758412237558,70.9472753667151,72.8819383355362,72.6138149199402,73.4850822265075,73.8473967022729,74.7748575390549,76.4221307390636,76.0014820271705,76.4028643858471,78.316655472017,80.4857257383052,83.5415834290295,85.8894026390484,87.66618854679,90.7766342382944,93.544566983728,97.2260459775096,102.510378523606,106.273739518558,109.441449093233,113.46115962126,113.731958919247,116.248893896388,119.892375360215,123.5
Bebidas no alcohólicas,6.52725995914198,6.72263217216724,6.91000669226163,7.01683301926667,7.23048567327674,7.37158782712831,7.44185327216371,7.5029784967067,7.5218302014723,7.5264003117185,7.69092428058187,7.90857578105738,8.0462503522243,8.24733520305731,8.38672356556655,8.59466358176887,8.95113218097284,9.42013974498961,9.90171511218344,10.3067411327533,10.5883741766757,10.9345600278257,11.1367874062203,11.2990263199606,11.5418134267902,11.7880281163045,12.0256738491071,12.4701170705505,12.8025925909619,13.0830831073227,13.4732562695925,13.7154721126413,13.937693723363,14.3215829840442,14.6711964178789,14.8420042883308,15.0293788084252,15.3270072382093,15.5246645063576,15.7560263375718,16.0822179563946,16.4821026029375,16.9665342890353,17.4469671286675,17.9593907400232,18.4518201190518,18.8322817970484,19.1910354513754,19.6126281215878,20.1610413511324,20.7677234863161,21.1001990067275,21.6948846025149,22.2455828871826,22.852836286147,23.2035922475432,23.4475218819344,23.7074469021873,24.0193569264908,24.3512611831214,24.8065584163996,25.4132405515832,25.9702227378395,26.4877877232221,27.142456015991,27.5754739618189,28.0124907541122,28.6271705822268,29.3406790444155,29.8353934785671,30.4889192437744,31.6662938959529,32.6140205082597,33.8548054401042,36.7196933006939,39.6457063858265,41.5554412049593,42.9350432355324,44.2946510337783,45.6525450406819,46.6956727043781,47.8707623014336,49.3931802772005,51.4205954351731,52.4860023863196,54.2729154925857,57.5965281691381,60.0226854460921,62.3231646912754,64.4082774911063,66.5510879327956,68.1603380032405,69.823858132859,69.8512787943362,69.9643890229298,70.2294554172097,71.1309096632736,73.6901714011483,74.3317006269592,76.3882502377514,78.8309741643479,80.7487066764115,83.0748927917298,85.6290131555775,87.3656550491353,90.3722163273573,92.7161116198795,96.1979643637068,100.16996143144,104.042558601317,108.488704607094,111.97741251629,114.547528266,119.305013032299,123.913969215596,129.75
Bebidas alcohólicas y tabaco,4.94375554759214,5.04218816329906,5.10901397579734,5.26117815695895,5.32303718609587,5.3907660501144,5.54293023127602,5.62872012569948,5.63413843482096,5.66303608346886,5.809781955509,5.84861317087962,5.9000871075337,5.98497395043692,6.14481406952063,6.39179866030818,6.44959395760399,6.52725638834523,6.57782727347906,6.95575433470243,7.11965818562726,7.19867519364887,8.1640372687929,8.23628139041266,8.33245637731896,8.68374341869504,9.12352950905533,9.30865507070596,9.40212090305152,9.69154891529068,10.0595424097913,10.3769650191581,10.5535115913664,11.049286875982,11.1445588113681,11.8769335942884,11.9780753645561,12.1054056289109,12.5641558011964,12.742056950685,12.9253764092951,13.0974077239022,13.2477658020233,13.7471532927199,14.1395291782672,14.3996080160984,19.3293662651267,19.9335077321719,20.2676367946633,20.6171177329989,21.42580036938,21.8231430382887,22.7460616919811,23.0932850015161,23.3420756953442,24.2306783912672,24.7801852413375,25.4100636767098,26.0914160487361,26.3957444110593,27.1055429059735,27.4396719684649,27.6555012818039,28.4542503514624,28.6967196846487,28.9653775119222,29.6106078231386,30.1854001157758,30.4974044160212,30.844176199796,31.2961534856796,31.5792601372771,32.4136797419853,33.0792287124073,34.8108300024809,35.6064183918185,38.0613639496099,38.7291705488326,40.2873859470188,41.0382732861041,42.7134338561623,43.0398869807316,44.2201753176944,45.5648190313422,45.8068368387684,48.0436954544202,51.2436585164154,54.7226644981669,57.9289489208038,60.2195391019103,62.7855599966921,63.6859023623784,65.3877029522838,66.7802083965047,67.3288121950547,71.1654265788241,72.7611186151005,73.9788835901535,76.8767759186261,77.6692036276429,79.8582005127216,83.5300079940458,86.9403820602586,89.8432411720925,94.802800121289,97.6591520798302,99.4232632246327,104.721918019682,106.876598946991,108.943683876837,114.568340270695,117.589950657441,118.626653802685,124.542544311823,127.402056950685,131.04
Bebidas alcohólicas,7.24855378428838,7.41982095839916,7.56935037579587,7.6760629996649,7.81900521805735,7.9441619991383,7.98500263296472,8.06602518071712,8.10488965484226,8.16285700607975,8.28208530805687,8.47443151898128,8.61869117717459,8.86900473933649,9.04422423284982,9.17465077313419,9.39071090047393,9.60150126861027,9.77210972282062,10.0026616879697,10.3886715496194,10.6620403082962,10.8431882809134,10.904449231653,11.0724228062617,11.5453836947676,11.7844990186222,12.142842644454,12.4227986021351,12.5670582603284,12.7185638374264,13.011694193116,13.1045736990761,13.4049499736704,13.5808281870841,13.8067691129302,14.0327100387764,14.396982143712,14.5610033989181,14.7493972904399,15.1874460242233,15.5978285221887,15.9443151898128,16.5575834171095,17.0575518215329,17.7162717219589,18.5844645507205,19.4994264924123,20.3919919574896,21.3188108573891,22.4557614055244,23.4504284551678,24.4543175834171,25.2895744171574,26.0747685384652,26.7815749916224,27.1629738139691,27.6985130930155,28.4382555411939,29.1931485470822,29.8472574082053,30.4783110728134,31.0243898702666,31.453216525444,32.0796591507492,32.7976638422136,32.9017415864809,33.1303173919288,33.5953736416296,33.9201225525396,34.4102101584566,34.9273052802911,35.8396323423811,36.0379070324094,37.2183330939729,38.9257350758772,41.1884379338408,42.0935190770262,42.9814735028005,43.9049988031979,44.3608329742927,45.0412906314328,45.7224070084734,46.8461831586002,47.4713083441046,48.2578199052133,49.7768279955958,52.9880875101728,55.2461793288334,57.0016678634688,58.8921939776916,59.6372061850735,60.6825946670496,60.1878960218297,60.7497840968931,61.0870486859112,62.0388989420269,64.7627057302887,65.0993115994064,67.5899315429173,70.2557709799416,73.476911293025,75.8805802096797,78.7921221695629,82.3551381109675,88.3554176839485,91.1457551821533,96.2561041696587,100.436999377663,105.65801330844,110.446906984537,116.612525252525,119.560955526832,125.152170041649,129.896929484418,137.6
Vinos,8.58505158184319,8.66726570380559,8.76687127464466,8.88861141678129,8.99216958963778,9.05857330353049,9.12102441540578,9.24118351673544,9.2949389041724,9.3565994956442,9.45857662769372,9.63407215726731,9.83486433975241,10.1178706441999,10.3060145002293,10.3747897753324,10.522617090784,10.8190622420908,10.9558222718936,11.2159034846401,11.4933761462632,11.838833562586,12.0981242549289,12.1890341013297,12.3194699679046,12.6744136290692,12.9732303415864,13.2823238193489,13.533709307657,13.6538684089867,13.7337109697387,13.9795628152224,14.1020934777625,14.4230447615773,14.5463659445209,14.7906367491976,15.0183066254012,15.3384673888125,15.5613941425951,15.7447948762036,16.1479602819807,16.3780017193948,16.7424316254012,17.1819609697387,17.5519245185695,18.0048927097662,18.8823703576341,19.9922610041266,21.0594635488308,22.4310164488767,24.0373539087575,25.2397354424576,26.6824351788171,27.6674236015589,28.7132820953691,29.5994554676754,30.1275230972031,30.748872134342,31.4121187528657,32.3054068088033,33.3069961600183,33.9354598807886,34.5702477647868,35.1093826799633,35.5497025447043,36.3473376318203,36.3568238766621,36.4833071412196,36.7078149358093,36.5813316712517,36.8983303530491,37.4256074621733,37.8485358780376,37.6232375630445,38.4627702315452,40.1995435580009,41.4232691425952,41.6793977533242,42.8477869096745,43.9956225355342,44.5039271549748,45.5687581384686,46.4667893168271,47.5640316368638,48.5205613250802,49.4952729825768,51.4020081957818,53.5348322443833,54.888203175149,56.1609410247593,57.8368442801467,58.7483143053645,60.2526746331958,59.9253991861531,60.3222404287024,60.6376580696928,61.7744264099037,64.8289972489684,64.8614085855112,67.4369240600642,70.0108584938102,72.4891399587345,73.6701774415406,75.967429734067,80.4726055135259,86.8339232003668,90.5604363823934,96.4664143168271,101.346296767538,108.192203461715,113.329795563962,119.816805994956,122.928294303072,126.604214179276,131.73232003668,137.93
Cerveza,4.56400586427161,4.92095175855857,5.16365915511692,5.24074049441477,5.45973055580456,5.70520497479925,5.71113430859139,5.71864479806144,5.72615528753148,5.77951929166076,5.94158774864598,6.17283176653953,6.19299150143281,6.3787772935866,6.52780121622911,6.76813687927061,7.12389690679914,7.15354357575985,7.40771435098302,7.58401320906938,8.20856970184169,8.36115122475949,8.37498633694115,8.36075593584001,8.60899737727103,9.3371195669461,9.43673237465409,9.91226494478389,10.2644673720371,10.4593448093389,10.7577879435434,11.1712601533154,11.1835141098192,11.4412424853176,11.7203164624678,11.9183562111253,12.1258828938503,12.5883709296374,12.6251327991487,12.8255442813231,13.3358622763668,14.128021270997,14.459273385518,15.4557967515174,16.2613955694098,17.3555552985198,18.2524658568111,18.818519589501,19.4280551033332,19.4790473739456,19.7608883735321,20.3688427316864,20.5522567903234,21.1459807473765,21.4139866347814,21.768165506632,21.8563149356752,22.2286770978217,23.1232159225962,23.64855489658,23.6228611168141,24.2489987652643,24.6695861755869,24.8767175693924,25.9230473392458,26.5337687198364,26.822329631054,27.2547757089609,28.1109715085463,29.2497988855571,30.0617223261611,30.5400219187272,32.3800918388887,33.4200969860304,35.3178790884354,36.9104981450048,41.3096685298549,43.5367263021835,43.8580961937176,44.2423170234484,44.5415507354918,44.290146982705,44.5008359767858,45.7365091390682,45.6965849582012,46.10491841202,46.718406815047,52.1469095462129,56.2923044447593,58.9138605587251,61.1836095343572,61.4239451973987,61.5539952519063,60.6649904720045,61.5785031649138,62.0149021320155,62.4912252799843,64.6218325559607,65.6080784100537,68.0778435789407,70.9523846013712,75.6507886982647,80.5080989407876,84.6364964157965,86.344539836853,91.5643300185355,92.558481651018,96.1105478814307,98.682692880462,100.687598280045,104.718754680863,110.187181592896,112.677501785596,122.427698273394,126.09084069018,136.7
Tabaco,3.6159468653815,3.67663269410168,3.70349363468274,3.86366442851796,3.88720920359519,3.92600833999006,4.11370330750711,4.19461774580068,4.18632733204109,4.20058684370758,4.34815620862823,4.31996880184563,4.32859083215561,4.33754447901596,4.47914474602971,4.75737103180145,4.74443798633649,4.76068719730528,4.75670779870068,5.16957040392812,5.22793491679561,5.21997611958641,6.44430442360223,6.51560198193468,6.57462972790294,6.84953984817085,7.34132719238955,7.44014892440383,7.44843933816342,7.77707133959345,8.20949932129351,8.51425493109593,8.71289324477564,9.25475468810225,9.30913980236514,10.2005250897959,10.2416455420435,10.2605476854154,10.8093730763,10.970207103236,11.0332142478089,11.0929052268779,11.1499432735439,11.5644639615232,11.8831474664417,11.9574295737276,18.2326095566343,18.6620529893809,18.7376615628683,18.8192392342627,19.4310717697202,19.5484640285559,20.3702098404062,20.4869388661412,20.4922447309473,21.3929152817889,21.9729126284096,22.5963517431305,23.2035416468827,23.2960626644397,23.9781979085785,24.1632399436925,24.2242573889631,25.1202853080992,25.1836240692225,25.2443098979427,26.0697034918471,26.747527720831,26.9726953585414,27.3036486758241,27.7068944010904,27.8707129769798,28.6118759670869,29.4249997486272,31.2618238212013,31.6166535301117,33.9727891205863,34.4927638715876,36.2188280163336,36.8419355145042,38.9069117737422,39.0607818531201,40.3650297457783,41.7037657596765,41.7674361373501,44.4498824134021,48.1225357088992,51.4605879050593,54.831138523157,57.1786520833217,59.8415329829011,60.7415403006418,62.5946135841847,64.6781603702442,65.1808910606255,70.2065398816872,71.9564804180609,72.4529103939849,76.2151001580855,76.2369868504109,78.0658521257758,81.6589174491808,85.2436923588263,87.931112883134,93.1149427987286,94.4433986995648,95.648161627108,100.638990710379,101.786052358156,102.378651133691,107.943840082227,109.424839596239,109.583683923873,115.204584452873,117.064290067424,118.73
Prendas de vestir y calzado,5.77246360914413,5.72840700881993,5.840121959642,6.03680321108931,6.24344964594328,6.34782183004465,6.25393931268713,6.12124502837735,6.59380451518808,6.83401788362239,7.08944126883529,7.26252077010892,7.24363936996998,7.22947831986577,7.5850780224825,7.94120220843642,8.1693524601153,8.26533291082158,8.1620096933946,8.42582481200259,8.79506108138633,9.78371217199478,10.0244500237663,10.2950834257578,10.3338951927101,10.3517276261746,10.8221891796366,11.1830337156252,11.6540197524244,11.8029730201871,11.7080415361552,11.6314669689251,11.8695824040106,12.8346317444454,12.9898788122545,13.2862118977684,13.429395848822,13.3979268485905,13.853702868611,14.3178706220267,14.7154289916188,15.2514509622299,15.6128199815557,15.6972617988438,16.1514643688528,17.4883723953572,18.219502167404,18.4980028194534,18.3191540014707,18.4686317525706,18.9789540396592,19.8637574295035,20.4202342502651,20.6494334686183,20.3835204166616,20.2072940153648,20.6363213851885,21.5599365419851,22.2742828472417,22.4804047987585,22.1851206799189,22.0088942786221,22.7793603009584,23.4695803727041,23.7926621084149,23.958923326305,23.3557674885333,22.9786639690916,23.9919657765482,25.2690827026127,25.988149357904,26.7785457470536,26.6799428796613,26.7801191970652,29.1638959646065,31.3425997473055,32.7288092075061,33.2475232279898,32.8494403750604,32.7943696246552,34.6583834050385,37.1386651066233,38.0407764465949,38.7818714020484,38.6240019175533,39.5366029242688,43.6249505376868,46.2908993406379,48.5697794407407,49.5421715478962,48.9904150771693,48.9767785104023,50.8874713077958,55.2359626564614,57.1340678537622,58.9078705001483,60.1734487927946,61.2843045009689,64.246586389434,69.0199092412258,71.4671484925674,74.3675413472437,76.4848805794911,78.2487180424706,83.0414467777385,89.7878759440497,92.3977050299212,95.052115199454,97.0614108642397,98.5436007751466,104.782854554392,112.536291728114,116.27375998895,122.029964614641,125.251341271679,129.1
Prendas de vestir,5.62902760849565,5.57558264069639,5.70792256096123,5.93137342633148,6.12988330672874,6.24389923803383,6.11359531654229,5.9222114318516,6.51875907243004,6.73457494240039,7.0481187534894,7.24662863388666,7.18147667314089,7.16264368448782,7.53624945938933,7.94701221190366,8.18217007022041,8.26411902084595,8.14552209230092,8.39035094479087,8.80569469454514,9.90360703304999,10.1285848975002,10.3835937438567,10.3810487453901,10.3632337561236,10.8355854715305,11.2494022222048,11.7319339314781,11.8836158400893,11.7222629373049,11.5889050176534,11.8876878376359,13.0380271445534,13.1494980773919,13.3698949446022,13.5103788599602,13.4136689182282,13.8244316707425,14.2896573904428,14.6871861509306,15.0898049083517,15.4685006801865,15.5209276485991,15.9698653781129,17.4943194596252,18.2018290333488,18.5072288493446,18.2476390057482,18.4420768885988,19.008593547271,19.8418260452462,20.4908006542372,20.719850516234,20.3615147321323,20.0734209057096,20.4770576625174,21.568353005009,22.2997855643189,22.5242544290758,22.1058566811616,21.8676448246849,22.7838442726722,23.4516518703163,23.7814836715918,23.9321475808164,23.090771087748,22.6484503542474,23.8797206124038,25.238749793585,26.0724912912535,26.9143767840152,26.6374809508457,26.6247559585126,28.9722625441335,31.1283852450637,32.6370603360829,33.1450420300226,32.3342055185538,32.2553105660882,34.3651142949257,37.0964066493147,38.1546170117401,38.7476016544652,38.3129159163646,38.9751245173821,43.1677549913109,46.1606731880696,48.3687138577191,49.3139262882261,48.0750210346699,47.8520791689929,49.9191269235911,54.7968709847371,56.6969668399242,58.618440682231,59.8446209434541,60.6223724748567,63.6203806685487,68.2772188627911,70.9392872588876,73.6492016261569,75.3869265791729,77.0783325600963,82.1668024942793,90.0074337702778,92.673574163921,94.7523289114657,96.4987068592682,97.5798222078933,104.249245189548,112.732234078524,116.857676592934,122.465835214003,125.601273324893,129.46
Calzado,6.25947808581928,6.24678722618533,6.28774409136763,6.39850068453668,6.63270473050872,6.70365817300764,6.72961674953163,6.7930710477014,6.85364105959072,7.17610426574434,7.23840484940193,7.32551029507134,7.46164860750829,7.46395603653264,7.758730094394,7.93236412847673,8.13830216890042,8.28136276841043,8.22829190085027,8.55594682230869,8.77284515059807,9.3981584161983,9.69177875954749,10.013665108445,10.1913371433204,10.3297828847817,10.7918455469088,10.9787472978815,11.4125439544603,11.5509896959216,11.6784751495172,11.7915391717106,11.8255737498199,12.1757261042657,12.4774224492002,13.0271674142528,13.1788808726041,13.366359480833,13.9720595997262,14.4329685473411,14.8304231967863,15.8128111039055,16.1162380206082,16.3077546296296,16.7784701505981,17.4955037199164,18.3059881647211,18.4951973447183,18.5863407911803,18.5840333621559,18.9082271400778,19.9656064904885,20.2165393968872,20.4443980130422,20.4859317354806,20.6826400598069,21.1971967322381,21.5646548043666,22.2222720763078,22.3670632475861,22.4818578415478,22.5101238470961,22.7985524751405,23.5634651967142,23.8640078271365,24.0843672989624,24.2741533362156,24.1114795899986,24.400485075299,25.4082547016861,25.7457161964981,26.3664146040496,26.8613581297737,27.3366885087909,29.8448638582649,32.1026831585963,33.0833404939473,33.6388540315607,34.6148965088629,34.6402782281309,35.6878510051881,37.3353553285776,37.7178116893645,38.9534399319066,39.7177757962242,41.4662301394293,45.2129180177259,46.7935068994091,49.3114888222366,50.3746367452082,52.114438229572,52.7980140780372,54.1888169224672,56.7806365740741,58.6761895175818,59.9602737696354,61.3585757583946,63.5812067661046,66.4285741821588,71.5966383394581,73.3335555375414,76.8702673746217,80.2558426106067,82.2644595763078,86.0774860390546,89.1884772211414,91.6141619829947,96.1915243100591,99.0804254485517,101.901257430826,106.716284947399,112.048176565427,114.499819903805,120.7569905606,124.270628107436,128.09
"Vivienda, agua, electricidad, gas y otros combustibles",6.12922067678069,6.47018466419513,6.49349380800884,6.53035477962121,6.74772609751181,6.77157731443746,6.93419924802145,7.01117362991788,7.07568033023953,7.12609312965057,7.22312421668902,7.29467786746597,7.57438759323044,7.66979246093305,7.75327172017283,7.80802110447944,7.97172718428733,8.06279546709437,8.23138020490977,8.39617043094155,8.533857001376,9.05858377374035,9.64781724642635,10.1774226767982,10.4387019167565,11.2144085399521,11.3515530372746,11.5158011901945,11.7711176259213,11.8708590785195,11.9760212622372,12.1635785589707,12.3023492756291,12.45575596631,12.8758626280686,13.0840187030561,13.5133406077179,13.653737543712,13.9166430030062,14.2391765046144,14.4332386786913,14.5633362255585,14.8598502177933,16.6383920980903,17.3750694572257,21.1305519767921,22.9844420196496,23.9569211824819,24.2387992006941,21.9382409135926,22.1138726018633,24.0073339818929,24.7315436594536,24.9380735151053,25.5457374735975,26.861348916292,28.8133541924118,29.9820638217688,30.6276728980973,31.5199252403614,31.7221185111175,32.4766842829473,33.0843482414395,33.3510482125172,33.6302158651697,37.5781343394771,38.4270208327856,39.9068804283999,40.6609041271177,43.2905007931708,44.2575592248837,45.158484736939,45.6523133419224,48.0222569873531,49.5324726772364,52.3301120079931,53.4522033497226,54.5433965240712,56.6032743494685,60.3397843101167,63.1162827895074,66.0039062568471,68.9267644764634,71.2148550819902,71.8528751347514,73.3826054566648,74.4689199730059,75.1297070964689,75.6294985056837,77.2741483273298,78.0314244647192,79.5112840603336,80.1986327662819,81.6557252911945,82.1273288985881,82.8992410100001,83.6798262912033,85.5684090132253,86.3522467331002,87.4293460065382,88.8793915809955,91.29215900227,92.7356996993839,94.2627196557376,96.43263832286,98.4084948159055,101.772058475534,104.432553308969,106.153635439399,109.185992427629,112.325137818912,113.843484605474,117.167476927931,118.90753161728,120.546760707806,123.7
Alquiler de la vivienda,8.74672587096257,8.81853151981659,8.90070909572731,9.12968933151735,9.21745179122782,9.27728983193951,9.34590411862224,9.47355860547383,9.61318070046776,9.7496114332904,9.95146509062448,10.1293835316739,10.3463961593216,10.5506433382841,10.7397315469331,10.8913212500693,11.0620591262333,11.2511473348823,11.4210873705034,11.647674084665,11.9005895367397,12.2428631296106,12.5245008412269,12.8595938692123,13.2138350702255,13.5202058386693,13.8185982016849,13.9997080049056,14.3004938895497,14.5542071821672,14.8310578505266,15.0951430702008,15.3592282898751,15.7110759692598,16.1634515570401,16.6022638555925,17.0386826325163,17.5341416096091,18.1133738436982,18.6862233534447,19.2702426307908,19.6595888156881,20.194939819922,20.8268295298374,21.3893071125272,21.9174775518757,22.4799551345655,23.1389714229368,23.7437345543963,24.3915810751681,24.9859722795708,25.5987138164585,26.2218272804028,26.7866983847211,27.4010356026944,28.0265425882672,28.6783783117531,29.3732974245515,30.1009279996056,30.8221758503171,31.47879861706,32.1537717162877,33.0704904999908,34.0095488188928,34.7922303914016,35.6467176127645,36.7605030105446,37.7617928917868,38.5492615075526,39.5050744778539,40.5909354566352,41.7701437789268,42.9182363200483,43.9458549392036,45.1737315346074,46.2827298891306,47.3350815651134,48.4265274276945,49.4932402334482,50.7913267966203,52.0471278110229,53.1976138737728,54.4262883097194,55.677302280865,56.8987961519262,58.1777345420706,59.4175787456167,60.7108782655319,62.2243817752661,63.5791150169786,65.1811788269661,66.4752761874241,67.9744185673875,69.2389958277611,70.4229911933096,71.8543171271331,73.8927997140445,76.2847256614262,78.8314326741155,81.8225368691569,84.9341149861644,87.8845293135219,90.3945356612413,92.9747519767291,95.5916689571868,98.3234749758109,100.966720694182,103.512629866328,105.668395013034,107.692516470175,109.868227630452,111.963356895904,115.034245145227,118.896591213031,123.431516858434,129.46
Mantenimiento y reparación de la vivienda,5.91475918683333,7.12369854259558,7.12109979075602,6.7780645479344,6.79833481228295,6.8814948711488,6.88305412225253,6.94334516493027,6.87058011342266,6.91112064211976,6.98128694178781,7.2104968540368,7.75051748629689,8.07172321366623,8.3180848880563,8.52182703227762,8.88981029275899,9.24999729772169,9.5701635243552,10.5764002366319,10.9641340110939,11.4547783584024,11.8092481093181,12.2364829117414,12.2868986974288,13.2156926048867,13.5982288756696,14.2068565564941,14.6990601549063,14.941783576721,15.2359622849589,15.9942780717418,16.5883527422647,16.8742154446161,16.9028017148512,17.0836748428844,17.1793089105802,17.2208889400131,17.4142360768762,17.7078950347462,18.1559198518859,18.4568553149067,19.2614288844338,19.5275410728045,20.1366885039968,20.4844015001296,21.1231747022929,21.3279563472501,21.3783721329375,21.5701600186968,21.7349208853248,22.0166255847329,22.3102845426029,22.3970828540441,22.7084133244231,23.1881429140055,23.8284753672725,24.3950032682961,24.7661050309849,25.2463543709352,25.3851277191676,25.7848157520915,26.1725495265535,26.334191890974,26.6127780881746,26.904358044573,27.1018631843794,27.5010314669354,28.1689106897018,28.825875154742,29.3903240542939,30.511945348247,31.4209887417243,32.3269136329941,34.98335776339,36.5743136395672,37.3232739197277,38.5769118071304,39.3030030711028,39.9516515302564,41.3341875089011,42.192815116691,43.3180746632195,44.6070555756401,45.3648516120551,47.6268052132061,51.1808582289852,51.8742052197792,53.2203586726701,54.6553894384739,56.0909399546456,56.8502952421643,57.6928105885489,58.9059079472545,59.596136435841,60.7110009750112,62.2349090537279,65.0743053136286,66.4090242584255,68.3165081086608,71.9214966604953,76.564946447417,79.7546544552901,81.8404126817191,86.840930971396,90.1678530763978,93.9776232731894,97.669929886833,102.989574902408,105.554023217683,111.142898923836,116.532710239079,123.970857754261,129.378340582012,133.446426711656,142.33
Suministro de agua y otros servicios relacionados con la vivienda,6.41387179463872,6.90392042613921,6.90946396269464,6.82132173146322,6.94272518202725,6.94549695030497,7.32134872876349,7.32800097263001,7.4144801428948,7.44552394760524,7.54475325194753,7.55694903236949,8.00486678604867,8.03313882248139,8.06473698084737,8.05697602966976,8.28093490650935,8.30310905273109,8.54591595385916,8.5680901000809,8.66011280690113,8.96500731745007,10.2062051522121,10.6286226377362,11.0571380134714,11.8831249602313,11.9474299842743,12.103203361482,12.4452395669524,12.4757290180073,12.4929139813291,12.6148717855487,12.6536765414368,12.6647636145476,13.4452935615529,13.5589360609394,14.3511074347111,14.3760533492105,14.6260668478607,15.0046903945969,15.0113426384634,15.0168861750189,15.2214426739144,15.2330841006808,16.6145334102953,19.4029322976793,23.6370855187209,25.6665742516657,25.9642621646926,26.345103126051,26.3661685649617,26.4132886256829,26.7514443555644,26.8900327694503,27.9804464099045,28.1312306042123,30.0415333012153,29.7571498759215,30.8475635163756,32.5610706656607,32.5932231776822,34.0007271091073,34.8710623483106,34.8998887383989,35.0357053840071,35.1460217614602,36.556297461163,36.9033228495332,38.160596940306,38.3984146585341,40.7483198043832,42.2888686131387,42.5699259164993,43.2506722055067,45.6809586314096,46.106702238867,46.4603798711038,48.2548226540982,51.2217234185672,53.5505631255056,55.993599685486,59.775400323604,63.5777120469771,66.1471412404214,66.7951806637518,69.3524140767741,70.4760889365609,71.1590526401905,71.3924355291744,73.8548744670988,74.4025758787758,77.1876486442265,77.767502567925,80.402899846379,80.6712070156621,81.4484108407341,81.746098753761,84.3548870567489,84.3709633127596,84.71299951823,85.3283320758833,88.4842674368927,89.7792375762424,91.5115927498159,94.173599003736,95.6675821054258,98.7143097962931,100.264282617193,101.993311668833,107.87001477125,113.187375035224,114.413605321286,119.142242003072,119.755357146104,120.001490169165,121.97
Suministro de agua,3.85243387440086,3.85243387440086,3.85243387440086,3.85243387440086,3.85243387440086,3.85243387440086,3.85243387440086,3.85243387440086,3.85243387440086,3.85243387440086,3.85243387440086,3.85243387440086,3.85243387440086,3.85243387440086,3.85243387440086,3.85243387440086,3.85243387440086,3.85243387440086,3.85243387440086,3.85243387440086,3.85243387440086,3.85243387440086,7.05019565803375,8.97083564415334,8.97083564415334,10.8905461384261,10.8905461384261,10.8905461384261,10.8905461384261,10.8905461384261,10.8905461384261,10.8905461384261,10.8905461384261,10.8905461384261,10.8905461384261,10.8905461384261,10.8905461384261,10.8905461384261,10.8905461384261,10.8905461384261,10.8905461384261,10.8905461384261,10.8905461384261,10.8905461384261,10.8905461384261,22.5723996691009,37.7748584848663,41.6883289905409,41.6883289905409,41.6883289905409,41.6883289905409,41.6883289905409,41.6883289905409,41.6883289905409,41.6883289905409,41.6883289905409,41.6883289905409,41.6883289905409,46.5557679616554,51.2766570515899,51.2766570515899,51.2766570515899,51.2766570515899,51.2766570515899,51.2766570515899,51.2766570515899,51.2766570515899,51.2766570515899,51.2766570515899,51.2766570515899,56.6745260366158,62.1213482589068,62.4534866788327,62.7921315416862,63.1239601309964,63.4626049938499,63.7947434137757,64.1333882766291,74.2406826188123,78.7400428185911,78.7400428185911,83.1480029867671,100,100,100,100,100,100,100,100,100,100,100,100,100,100,100,100,100,100,100,100,100,100,100,100,100,100,100,100,100,100,100,100,100,100
Gastos comunes por la vivienda,6.97498360098151,7.58841665654381,7.59511751415175,7.48546711693107,7.63654099754622,7.64019601078691,8.11047438108889,8.11900274531717,8.22743480479094,8.26520327494473,8.3900828940016,8.40531211583781,8.96513831053667,9.00107927407012,9.0400660819708,9.03031937999563,9.31114623065523,9.3385588299604,9.64253409781103,9.67055586598965,9.7850796141979,10.1664193289765,10.8492976361119,10.8547801559729,11.3908487646073,11.9025506183037,11.9823517407254,12.1772857802289,12.6049223293895,12.6432999684167,12.6646208789874,12.8175222662229,12.8662557760987,12.880266660188,13.856155195452,13.9987007118389,14.9892093000656,15.0208860814849,15.3327805446904,15.8073230971065,15.8158514613348,15.8225523189427,16.0784032457909,16.0930232987537,17.8206262238527,18.1306931804378,19.2905507154831,20.7641302203542,21.1369415709045,21.613311629941,21.6395058914992,21.6985952722237,22.1219676392702,22.2955807682029,23.6589007069799,23.8477430577488,26.2369033794125,25.8817579261923,25.9213539029664,26.7802820145283,26.8204871601759,28.5809852044411,29.669569981293,29.7061201136999,29.8754690605184,30.0137503947912,31.7779034522971,32.2122408590656,33.7851148903088,34.0823893005515,35.5535321299288,35.9988345764194,36.2595588542552,37.0191924394451,39.9693972935546,40.4092172201842,40.7613168290372,42.9147287966765,43.8759972789777,45.564613396176,48.6208136342654,52.1521655936445,52.3233420470834,55.5379261922694,56.3481207939554,59.5474757173052,60.9528283083501,61.8074922377979,62.0992841281796,65.1792419523335,65.8651661038361,69.3490028910862,70.074523019363,73.370735793591,73.706387842861,74.6786213648842,75.0514327154345,78.3147503704963,78.3348529433201,78.7624894924807,79.5324789485192,83.4805024173368,85.1002824518355,87.267705303564,90.5974223658317,92.4663524695707,96.2779221107359,98.2169066349214,100.379456135662,107.730906100435,114.383030198489,115.916917421831,121.832556351886,122.599499963558,122.907130244649,125.37
"Electricidad, gas y otros combustibles",2.94254187674409,3.00885123163971,3.00885123163971,3.16331604672602,3.66629049451956,3.66629049451956,3.66372036448484,3.788114658165,3.79505400925873,3.79505400925873,3.79505400925873,3.79505400925873,3.79505400925873,3.80096530833857,3.80096530833857,3.80096530833857,3.79659608727956,3.79659608727956,3.79968024332122,3.81175985448437,3.81484401052603,4.75731069425566,4.76913329241535,5.59825724161409,5.59825724161409,6.59855185112479,6.59983691614215,6.59983691614215,6.59983691614215,6.59983691614215,6.59983691614215,6.60549120221852,6.60549120221852,6.71574978070775,6.71574978070775,6.83526082732195,6.84271420442262,6.84271420442262,6.84271420442262,6.84836849049899,6.84836849049899,6.84836849049899,6.86430329671422,12.3371381926343,12.3420214397002,20.9935931625546,21.0372853731447,21.0372853731447,21.0617016084745,11.9852873908819,11.9852873908819,17.8197395826862,19.2199464255984,19.2199464255984,19.2199464255984,22.8461428915764,26.2482240185274,29.860027756311,29.8690232114325,29.8690232114325,29.8978086678213,29.8978086678213,29.8978086678213,29.8978086678213,29.8978086678213,42.5168901252637,42.5168901252637,46.1436006172487,46.1549091894014,53.8493644873283,52.9086968946229,52.5545329758393,52.5748370031136,58.6398298590317,58.6583347952817,66.2425315147193,68.4698062028025,68.4698062028025,70.4385258093934,78.8618699851652,83.6207227574417,87.2410079243398,90.7998669834083,93.7413808081386,93.7539744453087,93.7539744453087,93.7539744453087,93.7539744453087,93.3938992274452,94.1212460272693,94.1212460272693,94.1212460272693,94.1212460272693,94.1212460272693,94.1212460272693,94.1212460272693,94.1212460272693,94.1212460272693,94.1212460272693,94.1212460272693,94.3823712387962,94.3823712387962,94.3823712387962,94.3823712387962,94.3823712387962,95.7121565187573,99.6770961233106,103.338503370764,103.338503370764,103.338503370764,103.338503370764,103.338503370764,103.369087918177,103.388106880434,103.388106880434,103.43
Electricidad,3.38751483358374,3.52818604440596,3.52818604440596,3.85544401719196,4.41929868343986,4.41929868343986,4.41929868343986,4.57722478290764,4.57722478290764,4.57722478290764,4.57722478290764,4.57722478290764,4.57722478290764,4.57722478290764,4.57722478290764,4.57722478290764,4.57722478290764,4.57722478290764,4.57722478290764,4.57722478290764,4.57722478290764,4.57722478290764,4.57722478290764,4.57722478290764,4.57722478290764,4.57722478290764,4.57722478290764,4.57722478290764,4.57722478290764,4.57722478290764,4.57722478290764,4.57722478290764,4.57722478290764,4.57722478290764,4.57722478290764,4.57722478290764,4.57722478290764,4.57722478290764,4.57722478290764,4.57722478290764,4.57722478290764,4.57722478290764,4.57722478290764,16.169292939582,16.169292939582,16.169292939582,16.169292939582,16.169292939582,16.169292939582,16.169292939582,16.169292939582,16.169292939582,16.169292939582,16.169292939582,16.169292939582,23.8500580327711,31.0558750045979,31.0558750045979,31.0558750045979,31.0558750045979,31.0558750045979,31.0558750045979,31.0558750045979,31.0558750045979,31.0558750045979,44.3485732879484,44.3485732879484,52.029923292617,52.029923292617,52.029923292617,52.029923292617,52.029923292617,52.029923292617,64.8476734546051,64.8476734546051,64.8476734546051,64.8476734546051,64.8476734546051,64.8476734546051,82.6225484054428,92.7023279318433,92.7023279318433,92.7023279318433,92.7023279318433,92.7023279318433,92.7023279318433,92.7023279318433,92.7023279318433,92.7023279318433,92.7023279318433,92.7023279318433,92.7023279318433,92.7023279318433,92.7023279318433,92.7023279318433,92.7023279318433,92.7023279318433,92.7023279318433,92.7023279318433,92.7023279318433,92.7023279318433,92.7023279318433,92.7023279318433,92.7023279318433,92.7023279318433,94.9618409771915,103.36,103.36,103.36,103.36,103.36,103.36,103.36,103.36,103.36,103.36
Gas,2.54491041182259,2.54491041182259,2.54491041182259,2.54491041182259,2.99313734967039,2.99313734967039,2.98863029147182,3.082602454912,3.09612362950771,3.09612362950771,3.09612362950771,3.09612362950771,3.09612362950771,3.10739127500414,3.10739127500414,3.10739127500414,3.09882786442685,3.09882786442685,3.10468704008499,3.12789838980763,3.13375756546577,4.91922867082931,4.9413132560023,6.5122483911139,6.5122483911139,8.40791706943247,8.41039595144168,8.41039595144168,8.41039595144168,8.41039595144168,8.41039595144168,8.42098753820832,8.42098753820832,8.62988968571205,8.62988968571205,8.85614400728026,8.87056659351569,8.87056659351569,8.87056659351569,8.88070747446247,8.88070747446247,8.88070747446247,8.91113011730282,8.91113011730282,8.92082029242975,25.3123149018993,25.3950194198431,25.3950194198431,25.4412167663784,8.24498691555416,8.24498691555416,19.2989978533671,21.9520776619554,21.9520776619554,21.9520776619554,21.9520776619554,21.9520776619554,28.7953694777543,28.8127216518188,28.8127216518188,28.8672570560215,28.8672570560215,28.8672570560215,28.8672570560215,28.8672570560215,40.8857784483284,40.8857784483284,40.8857784483284,40.9071869747716,55.4857174238664,53.7036266121518,53.0327509992946,53.0710609939825,53.0969765786242,53.1319062796632,67.5015345812542,71.7210424667555,71.7210424667555,75.451309184802,75.5114784117529,75.5114784117529,82.3705449312468,89.1133293492176,94.6865321646594,94.7104195731118,94.7104195731118,94.7104195731118,94.7104195731118,94.0280509618483,95.4060840060611,95.4060840060611,95.4060840060611,95.4060840060611,95.4060840060611,95.4060840060611,95.4060840060611,95.4060840060611,95.4060840060611,95.4060840060611,95.4060840060611,95.9009589962641,95.9009589962641,95.9009589962641,95.9009589962641,95.9009589962641,96.3994396330259,96.3994396330259,103.336703612265,103.336703612265,103.336703612265,103.336703612265,103.336703612265,103.394844663027,103.430675775705,103.430675775705,103.51
Equipamiento y mantenimiento del hogar,7.16316864784547,7.21972511144131,7.37054234769688,7.43099925705795,7.90425334323923,8.23969167904903,8.31900074294205,8.35995542347697,8.36580609212481,8.84751114413076,8.92747028231798,8.94632243684993,9.0587852897474,9.41307578008915,9.52423848439821,9.599647102526,9.77581723625557,10.0475482912333,10.2614227340267,10.9459509658247,11.4822622585438,11.7175891530461,12.0179234769688,12.1719910846954,12.4976783060921,12.7408060921248,13.3102711738484,13.5891530460624,13.7601225854383,13.8680349182764,13.9668462109955,14.2158246656761,14.3256872213967,15.0251671619614,15.3502043090639,15.4496656760773,15.5159732540862,15.9170690936107,16.0841381872214,16.466381872214,17.0885029717682,17.9238484398217,18.6993870728083,19.5438335809807,19.9910846953938,20.5481983655275,21.1950222882615,21.7293833580981,22.0362184249629,22.2234398216939,22.5133729569094,22.721396731055,23.0873885586924,23.3077637444279,23.9246842496285,24.1223068350669,24.6566679049034,25.1773774145617,25.736441307578,25.8684063893016,26.6640973254086,26.8916233283804,27.1854569093611,27.4272845468053,27.7165676077266,28.2509286775631,28.5278603268945,29.4542161961367,29.9313707280832,30.2778603268945,31.2932763744428,32.3288447251114,33.1635401188707,34.2979197622585,37.2024517087667,39.222882615156,40.354661961367,40.9026745913819,41.7568722139673,42.2730312035661,42.9874628528975,44.7647659732541,46.0057578008915,46.8177005943536,48.0931463595839,50.6479383358098,54.2994056463596,55.4532875185735,58.0964895988113,59.1366084695394,61.6783989598811,62.8459323922734,63.8925520059435,65.0951894502229,66.1307578008915,67.9854197622585,69.743220653789,72.1679977711738,73.8945950965825,76.1672548291233,79.3181649331352,80.9797548291233,83.2654160475483,86.3617199108469,88.0727154531946,91.8639487369985,94.7385772659733,98.3776931649331,101.593610698366,106.928120356612,112.945208023774,116.092867756315,119.026002971768,124.913075780089,128.514487369985,136.5
"Muebles, accesorios y alfombras",5.78360432939589,5.85603306070199,6.17394172026032,6.20505204780119,6.43206021907602,6.43594901001863,6.62406927186736,6.68531772921346,6.81705052239435,6.95753309519612,7.0853770974344,7.28321933663966,7.3731476271875,7.68668139693539,7.73577738258583,7.88646803161195,7.99729857347632,8.18687713192853,8.37694178924857,9.02782817326782,9.58830016787141,9.96648508704017,10.2766161647133,10.5818862537081,10.6348710303012,10.6761894340664,10.9707653479691,11.289646205263,11.407282131277,11.6172768421779,11.6819279915988,11.6940804632944,11.8428267168492,12.1626797718789,12.3449668473137,12.7163463823329,12.9943949347295,13.3599412833347,13.6540310983696,13.8810392696444,14.1464492514775,14.7414342656967,15.7826580405804,16.5297920004293,16.9113796116728,17.0207518569337,17.2482461270764,17.6205978598312,18.1139882106748,18.2982196815809,18.4873121411653,18.7954988233671,18.7852907471427,19.142573414995,19.732697440536,20.2338653732648,20.3865004177622,20.5809399648926,21.1632864085484,21.0738442168684,21.3582120545467,21.6698014288233,21.9570858597086,22.3056187479399,22.5545013682669,22.9287974964931,23.3239958760358,23.8139835348046,24.4079963512882,24.9407607104257,25.7481709298849,26.6926610300712,27.7946471634332,28.2753989437133,31.2892119242356,32.5229308507784,32.8452144001472,33.172845037062,33.7858157093908,33.7401224158152,34.2485818315613,34.9383561250067,35.482786856972,36.0656193994956,36.6212304054209,38.6356241136926,43.8276461209441,44.294787132925,46.5366751113394,47.7183814590248,48.0212210536805,48.998765876879,50.0006156434687,51.1050322711698,51.9250810611926,54.1659968418713,56.3660803176526,60.5970848632116,64.3060192247254,68.0708549560392,74.1013975102908,77.1730562560844,80.1465230305771,84.2671831331397,84.5695366289275,87.6256402109508,91.7856743218072,93.8384698406371,99.3070821036817,101.271407628567,106.641341821443,110.48589776708,112.668967782488,115.377996772883,121.183961650199,126.83
Artículos textiles para el hogar,4.78630795002586,4.82627711871084,5.02699185710713,5.17687623967579,5.27028244910264,5.35934418367242,5.36759868590084,5.52269643829797,5.65954739629545,5.73166567892269,5.93107707486186,6.04620565857402,6.25691268914155,6.30904638742631,6.42765055102411,6.61098738999215,6.72915710610426,6.8429823473593,7.14579224489656,7.80267684328443,7.97949696996687,8.23886211893351,8.45217583441528,8.62725817115491,8.76410912915238,8.98828403177681,9.13208614954558,9.38406569125521,9.65429202736451,9.80808643730452,10.0053255958152,10.0678860337569,10.3785159860368,10.6556934819174,10.9706679090545,11.3060613680197,11.5185061885301,11.8460795927526,12.0263752993207,12.4404037531987,12.8796301612478,13.5738772434064,14.2516153211081,14.7286386604136,15.0518675897791,15.2777802823463,15.457207093943,15.8221429819363,15.8230118769077,16.0780325510173,16.3161097731843,16.5646137350083,16.7748863180901,16.989503376029,17.0433748642566,17.0433748642566,17.4204752818496,17.5655807420755,17.5547195549328,17.4461076835063,17.7250229693297,17.8553572150416,17.9839536708106,18.1764139069785,18.6864552551976,18.7333755836539,19.1426251151892,19.5505713042674,19.9871910274022,20.3351834634529,20.8717261083001,21.8283794718253,22.9983465508323,23.5070845565943,26.6338031112222,27.9171609839985,28.2886135842774,28.7395700744405,29.0410766295206,29.4007991476854,30.6116042903488,31.7303065660424,32.6734920575107,33.397716016183,34.1571302211976,37.827342580444,41.9589381695106,42.709663424811,44.9579291633409,45.2138187324219,46.9463953054184,47.7197118299756,48.9995941228662,50.5053891083241,52.3174695712049,56.1566820023911,59.3194596983327,63.3915359818575,68.3955021222222,73.8877872365207,76.8281278197807,79.1810954023658,83.5742283778275,87.3196001521012,89.6682232598292,95.2365366841263,95.5710612481201,98.3389261795547,100.800505633566,104.22004179356,106.618191914659,110.523874811158,116.14736306614,118.961713878545,123.158476590468,126.82
Electrodomésticos,5.50409354621863,5.58273094329767,5.73056924980625,5.81707038659319,5.98273316977303,6.08548603528963,6.14734745432514,6.06451606273522,6.08129204077875,6.09492252293912,6.1913843966894,6.28312802661494,6.43149058243739,6.65639353808343,6.8440747924454,6.84879303627014,6.99138884964012,7.18064285194367,7.55548111135374,8.29729389046597,8.68995662654729,8.91590808082105,9.14028678715324,9.25929138139951,9.59952918609481,10.0257438782632,10.2957322749012,10.4975682607374,10.8524850462208,10.9253557008473,10.9541894131097,11.0700485114728,11.1827621139527,11.331648919089,11.6792262141784,12.0089790325965,12.100722662522,12.2092422704911,12.3759535522986,12.7172398556216,13.1644245203444,13.8784520858221,14.4876297885277,15.1057197295689,15.3211861975654,15.7778073499377,15.799301571806,16.2837079378128,16.5882967891656,16.6076940137785,16.7869872791187,16.9337770869995,17.2158232178563,17.2000957384405,17.4218531982034,16.6753221752664,17.1004883688071,17.3877769928025,17.517266573326,17.7400725317166,17.8784743505757,18.3628807165825,18.8918482742675,19.1240907203076,19.4706195167692,19.6603977683866,20.0766517235916,20.2391690108883,20.544282111555,20.8210857492732,21.1974967566248,21.9340670425985,22.85097909254,23.8355193039695,27.101068280005,28.6324005257907,29.2761786832111,29.9991184870244,30.4421091572363,31.178155193896,32.5186606894367,34.370309265991,36.0311310923002,37.5582693435751,39.7574952152188,43.43667689989,47.236435926749,48.7625256793961,50.2267540130078,51.5263680620673,52.9911206449928,54.5691110797121,56.358898237231,55.8729191232825,58.3096299341049,62.9219753974473,67.2737689518011,70.9220199269545,74.2452363275145,78.0313648722131,81.0269254516105,82.9414839458281,84.4576129615119,87.0211921062885,89.082540408387,93.6744401484888,94.9609479647018,97.4553262000488,100.537387916233,103.906738256413,107.133492783223,109.145037400504,109.71751765124,113.136147426922,118.82477673162,122.44
"Cristalería, vajilla y utensilios para el hogar",5.1268838028169,5.14544185846788,5.31511551013398,5.42160340089316,5.55902138440399,5.62176528684301,5.78878778770182,5.95139170388183,6.19794872895912,6.33757600480934,6.49355204397114,6.61638869804191,6.85322483682583,6.99329397114394,7.17401408450704,7.30126932325661,7.46254766403298,7.69054663345929,7.96140587427001,8.91493644795603,9.71867700103057,9.94623411198901,10.0708381999313,10.1861632600481,10.4097436447956,10.715067846101,10.9519039848849,11.210391188595,11.3098093438681,11.4185065269667,11.6632961181724,11.9801086396427,12.0927825489523,12.2580376159395,12.4679203881828,12.6861984713157,12.8655930092752,13.1081733081415,13.3039166094126,13.3662186533837,13.6684498454139,13.8743558914462,14.4991437650292,14.7859099106836,15.2282102370319,15.4990694778427,15.9418116626589,16.2860194091378,16.4229955341807,16.4066467708691,16.3721818103744,16.6425991927173,16.9673651666094,17.1317365166609,17.3721075231879,17.4945023187908,17.8736168842322,18.2752662315356,18.362312349708,18.5235906904844,18.7913569220199,19.0569138612161,19.6538646513226,20.1138393163861,19.9503516832704,20.1443275506699,20.6856041738234,20.9370216420474,21.6510649261422,22.1052954311233,22.9222917382343,24.3742386636895,25.0206776021986,26.0692077464789,29.1829843696324,31.598182755067,32.4982484541395,32.2923424081072,32.6241781174854,33.5039183270354,33.8825910340089,35.1237714702851,36.4714397973205,37.6251322569564,37.8928984884919,40.2007252662315,46.2466746822398,47.2841583648231,49.9918670559945,50.7191660941257,52.6050180350395,53.8705006870491,54.9990072140158,56.8742545517005,56.8176966678118,59.5700330642391,61.1920954998283,65.2054959635864,67.1620452593611,70.6942618515974,75.1150558227413,78.9221083819993,81.5405616626589,85.9710765200962,89.520083734112,93.3231595671591,97.7682557540364,100.371685846788,103.45453237719,105.467639556853,109.430668155273,113.204139470972,119.002648144967,123.527720714531,127.060379165235,133.77
Herramientas y accesorios para la casa y el jardín,5.25101752051953,5.31252217311566,5.45402911818646,5.55761590150627,5.7139209584799,5.86606404648086,5.9502283079282,6.03439256937554,6.22491826012447,6.29613417365684,6.4001833979736,6.46400025555455,6.50284529929948,6.73082871080244,6.88019715282162,6.99719472505337,7.15627442800878,7.35558649770001,7.54102533748234,8.52371245602958,9.15401953489071,9.60721171191486,9.75981724091278,9.76999094284598,9.90826080093803,10.0160095532305,10.2291948528306,10.4026102266919,10.7027344337212,10.8595019316918,10.9875980878506,10.9154572923243,11.071762349298,11.1804359835844,11.3945461651784,11.5092315324254,11.4139686870509,11.5970953218484,11.8435763732299,12.0031185171823,12.348099500917,12.9464981509876,14.5275839196055,14.8776517543068,15.2906115645952,15.5236818270647,15.8302802080515,16.1378034710321,16.190521744686,16.5345778464267,16.7833711027931,16.973896793542,17.1699717762545,17.3914810137999,17.3554106160368,17.3433871501158,17.5903306424942,17.5376123688404,17.5191147289618,17.5727578846096,17.5491733937645,17.8793562655963,18.0684946333544,18.4925530275698,18.945282763597,19.2042497218965,19.3203224121343,19.7022986756261,20.0990730510207,20.5767746008839,21.3365651588948,22.1134660337933,23.1114137052404,24.1329458675325,28.6005883391961,30.8189178016295,32.2302877243619,33.0279984441237,33.3748291918463,33.555643621659,33.8192349899281,34.4661899446799,35.0747622966838,36.1309775337482,36.8459113150537,39.8712003171883,44.0493547247527,45.7317150717056,47.5227490529449,49.1288066353988,49.4515904512793,50.7538242987282,51.6430983358889,54.0103337993446,56.6027780283214,58.1029366224708,60.5538739063768,63.5121089639518,65.3734339767295,67.8451811054989,70.914864443342,72.5098234418689,74.0821228315445,78.5691878250804,81.1287987432729,85.2496104672139,90.0802691214937,93.2234805778539,97.6152827260154,102.584673679384,105.099427820871,107.811181827065,112.75375120261,115.992687945341,119.794877822375,123.05
Bienes y servicios para la conservación del hogar,8.65982505063881,8.70601078424221,8.78325244216515,8.82227142400251,9.59229908597655,10.1982877630833,10.2357141334171,10.2795109497652,10.1688244502674,11.0543164462499,11.0837797590659,10.9826489285895,11.0726314785409,11.5424518720928,11.6308418105407,11.6770275441441,11.8912337913737,12.2400157106546,12.3857396632309,12.9638576390253,13.507734467493,13.6510695028139,14.010203396868,14.1344270941461,14.5978770416837,14.8550837995096,15.7334090437261,16.0320237006447,16.1315619196176,16.196062685512,16.298786127492,16.7248097046958,16.7877178590866,17.9750097349949,18.3588291073543,18.2330127985726,18.2027531800048,18.7561856774939,18.8533349792114,19.3542112970829,20.2341291528029,21.2812712163974,21.8968155625256,22.9853655252128,23.5356127996948,24.3796968965846,25.4889508088182,26.1466993597908,26.454073379979,26.6873909652514,27.0879327583982,27.2623237180386,27.8237192730456,28.0729629733536,28.9982702569253,29.4601275929594,30.2245811146709,31.0543317080287,31.9183234487131,32.1261592499285,33.5300462903217,33.616843617266,33.8127348322046,33.9632366192916,34.2419436324156,35.0557681107377,35.2070662035764,36.7240286607228,37.1834970795015,37.4391112258238,38.8135349534011,39.9371223691667,40.5717780533377,42.0377769423699,44.3821010756187,46.7757961654781,48.3930931473491,48.9958966014487,50.2293742109604,50.8759744814081,51.4652407377274,53.8223057630048,55.2246001918944,55.7708659376175,57.1755492837625,59.2762038569657,61.7423627702373,62.9495622899401,66.184952559434,67.0672593324094,71.1658450368359,72.2169686291893,72.9607182013545,74.4721065182384,74.8830002861584,75.2946903598301,75.6808986494448,76.4756117897241,76.4565004516813,77.0513408482631,78.9250482822082,79.5931488079541,81.6412472015396,83.9927380865545,85.6426836042486,89.0341498010919,91.6563846417129,96.3952001705728,98.5969855742525,106.250280154638,114.28181996712,117.337245136711,120.379133108521,128.870937645534,130.67377386757,141.92
Salud,7.00348948446586,7.09053777227946,7.30945771998978,7.35168263572026,7.38546256830464,7.66349739803763,7.72456112232479,7.91619727833234,7.9720640899142,8.06041160590413,8.16434986000992,8.44563276018372,8.49305458861948,8.52943297755651,8.90945721913081,9.1524128881031,9.17514938118874,9.35119479908042,9.78968430858923,10.2008900263953,10.4880194533625,10.5399885804154,10.6679625557832,11.0168053211257,11.1071016793801,11.1947995812819,11.3448604356471,11.8190787200048,11.9288635009041,12.1861106798159,12.3894398894103,12.5921194849166,12.9721437264909,13.0767315946849,13.2592731534582,13.5223668591635,13.6685300289997,14.1154645216546,14.310348748103,14.8774618470677,15.2672302999644,16.2923213310828,16.5677577044632,17.1296738907226,17.5369819239997,17.9455891854531,18.3600429736999,19.9665386137225,20.6941063924631,20.9266682360248,21.1618285359391,22.1752265134706,22.3025508747502,22.4454659741457,22.6715316768258,23.5615029776066,23.7511902913497,24.0324731915235,24.4098989767451,24.7314579503849,25.5675112818484,26.3574420130524,27.0778640368232,27.270799421007,27.4793255433068,28.4453016924025,28.6284928652639,29.3658048553269,29.6159062792689,29.8867953540322,30.1693774823823,31.8148499676946,32.2098153332966,33.823456728289,35.2675488462714,37.4606460079036,38.3584126777423,40.5476121548456,41.0725003380798,42.7179728233921,43.4734740079236,44.6213421017044,46.8170377196893,48.2539840827018,50.2275116825355,53.2118388035481,56.6268600650115,59.0888974591424,61.7328267979585,65.6064756056637,65.4947419825,65.8955538748954,66.9992482106813,68.0165438727417,68.1146356000541,69.0682690814747,69.9556419259029,71.0132136614294,72.6411465663613,74.1768342707744,75.9697691540993,80.7892560741672,82.4496696835072,84.1769935439278,87.7693594514593,91.4422775059227,95.8115818628949,98.4210816550384,100.153602428164,105.498627145555,111.212632665021,117.163747326665,119.449739302904,120.442999243703,126.80661885133,129.7
Medicamentos y productos medicinales,6.34358506973006,6.47825597300105,6.51045988465281,6.53973616797259,6.57720981062191,6.72417675288721,6.94550545478475,6.99995934175954,7.08954476871807,7.19552491433567,7.36005762659284,7.40865625690368,7.42153782156438,7.44086016855543,7.63057048446761,7.73010984775487,7.76934006740337,8.11655678757597,8.84729281923769,9.49254210360566,9.367239610997,9.42871980596854,9.56514728623871,9.70450239484087,9.58212753056419,9.74490366582217,9.98731129170995,10.2244491866002,10.2595807265839,10.3948371555213,10.5523435597817,10.8251985203221,10.8790668816305,10.9680667829226,11.1829547024898,11.206961254812,11.476303061354,11.642006824944,11.9312565041434,11.9892235451165,12.5384466201956,14.5579246435941,14.9350031727529,14.9197795054266,15.3700487428848,16.0996137232137,16.8613826151944,17.2361190416876,17.5013621685648,17.850920991403,18.1858416725813,18.5055386864333,18.6847095403504,18.9704460655514,19.2403733977598,19.6338466455777,19.9488594540985,20.3721945109025,20.9869964606179,21.2709764088198,21.6445417839802,21.9642387978322,22.2154293087159,22.4964816285858,22.8618496444167,23.2043821592581,23.5597962387602,23.8753945729475,24.2237823444529,24.6172555922707,25.2033667843327,26.0512079492736,26.8475228555716,27.6139759528834,30.1147560740591,31.6324386013565,33.1928645023008,34.5389880093443,35.3862436486188,36.3728543964954,37.7693331108489,39.5341074693653,41.2338884789118,43.3195309026129,44.8436542122407,48.1717821000334,52.0795803975577,55.1430506841395,58.4489285966091,59.8448217852963,58.4372180832812,58.6339547071902,60.5585775726325,61.5176686141886,61.6049119384815,63.4762519682819,65.332368330756,67.1896557445628,70.0417512655759,73.0577939731797,75.9520473421732,79.3065238849536,81.8535605337745,84.9966623109862,88.385684868084,91.7138127558767,95.4652757004733,99.1078308711204,102.542524430197,105.96316537328,109.157207883468,112.397506921302,115.390714127916,116.116765954247,119.42205834105,124.57
Medicamentos,6.46229444532561,6.61040493321606,6.61400275883283,6.62239768527197,6.62899369890272,6.77230708597081,7.00916393907497,7.02415487914486,7.09371284106912,7.161471890185,7.33476715739285,7.36354976232703,7.36534867513542,7.37134505116337,7.56442835926348,7.64897726125762,7.66336856372471,8.0273485886215,8.85964558130146,9.51864730677356,9.28778682969734,9.30817450819239,9.44549151923253,9.54683027410494,9.37233573169149,9.51025238033443,9.77948966398954,9.98396608654276,9.98276681133717,10.1044932447046,10.2603990214314,10.5404297819369,10.5596181852263,10.6237794087254,10.8222594552507,10.8258572808674,11.0741072484247,11.2174206354928,11.5178390744933,11.5364278401799,12.0910926227657,14.3655180501685,14.636554246632,14.5867843256,15.0425089037244,15.8412261906478,16.6681264449027,17.0387024834302,17.2773582493427,17.6473346502675,17.991526634272,18.3387168062905,18.5180084495263,18.820825438938,19.1026551122518,19.468434049957,19.8060300203308,20.2323723559183,20.8056259041906,21.0718649998318,21.4712236432935,21.812417439284,22.0630659572525,22.3412978049496,22.7010803666268,23.0590640154956,23.4284407788175,23.7018755256922,23.9986961390759,24.3872613056873,24.9928952845106,25.7112611326595,26.4602084985509,27.1509910169711,29.5033693327373,30.8987260344422,32.4793707554107,33.9089068004749,34.7735842237058,35.7965659740747,37.2470893352366,39.1473408984951,40.8778950201626,43.1433258835234,44.8067205936778,48.2174592783778,52.1288953614119,55.2709964000596,58.8268473846361,60.1400537347579,58.2404018091022,58.3099597710265,60.1448508355803,60.4614594898562,60.564597157537,62.5014266145661,64.4160694802916,66.2509605448454,69.1520072671694,72.0668456543577,75.2251369082808,78.7552034759371,81.5872918739396,84.7455831278628,88.4285572842319,91.6372180967899,95.6649838747663,99.5326464127964,102.931991983043,106.333136466099,109.53400198982,112.75585482964,115.848785584858,116.179785541601,119.370457226075,124.76
Productos medicinales,4.78739772677659,4.91422787536565,5.04810414332077,5.13970369507953,5.26697422612897,5.30792979494419,5.46646748068051,5.6236840190357,5.8302233929533,5.98215534178394,6.02707435274257,6.10986625529376,6.13100461339193,6.20675039657707,6.28910191666788,6.36044387524923,6.44235501287966,6.66739045013316,6.79862442332601,7.10292870344767,7.60232241351709,7.75513512726849,7.99514356817487,8.25849227948132,8.45622400419135,8.61564245484843,8.76052828431301,8.88339499075866,9.07187868380074,9.22865483969555,9.39115596757528,9.44796530496413,9.66463347547044,9.84607104914645,9.92533989201461,10.0376374194112,10.4079990685896,10.8479411465079,11.0373056044708,11.1932009954448,11.3984192219813,12.0264046104813,12.5914153071471,12.7917893266194,13.2784119453379,13.5580548076783,13.8654417650226,14.2164265859444,14.7484085980819,14.9708017405731,15.1702949951247,15.4310014116688,15.5873371851033,15.8594935456173,15.9682680133308,16.2752145882147,16.5852438403213,16.9450363104507,17.6505290119774,18.1133709778353,18.1274632165675,18.6312607512407,18.9558226245398,19.285228704903,19.5032180227905,19.8753412018104,20.2963468339324,21.1885616986596,21.6615324611063,22.1648896133192,22.7664520541964,23.8136815449769,25.613965043005,27.6454493327318,31.4367019341318,34.0543352786227,36.8591311687745,38.3991486327187,39.2548117532345,39.9457718335686,41.1295198870665,41.9931098918691,43.9655829319052,45.3043456114563,46.2269468659497,49.0493580545166,55.7607867506877,58.2740494520688,61.151508448183,62.9046710229506,64.5517014247668,65.1832098729498,68.2174450249589,75.7131948830643,75.1657994848137,77.7640560010478,80.1632596451909,81.5557489849082,82.2854627217557,84.0258542051722,84.6472338567666,86.4567653864625,86.8447423340561,88.8577305604471,89.6847688210382,92.2002334347212,93.5808324480084,97.0329905549168,99.2956756363425,102.680455226813,106.0617117576,108.960749494273,111.046400826627,112.987606711976,117.169038173271,121.04
Artefactos y equipos terapéuticos,6.09809884114877,6.12499826259186,6.34611150685407,6.51127395451465,6.75713466650451,6.98631773719965,7.11166904112445,7.43446209844154,7.63136586340497,8.02517339333183,8.17527216498428,8.37056196466112,8.46739988185625,8.56746572962454,8.78104713588269,9.01830003301075,9.23833730041524,9.50571754955957,9.70423527980958,10.4009302951856,10.8286310961308,11.1777855864621,11.2525659780739,11.6404556352833,11.7873264763626,12.1526206195597,12.2182552078809,12.7777631738972,13.035459631322,13.2710985631635,13.4378749761106,13.7552881491391,14.0113706412773,14.2604592838404,14.674710374064,14.8210432267144,15.2121608144969,15.4187483711799,15.6689129906006,16.0013898396372,16.6701094567125,17.2812643118995,18.4304075959484,18.5944940667512,18.9743138975277,19.3552097051618,19.8071199854058,20.2256749830603,20.5759054502493,20.8142343242351,21.1381033584099,21.2575367896172,21.4463707281477,21.5996974303734,21.8498620497941,22.5105118404364,22.6417810170787,23.065177910593,23.975992320656,24.3138490539813,24.649553833591,24.6968968153309,24.9196240248797,25.198840019459,25.6792636864326,25.8740154976806,26.0827550080789,26.4518150702782,27.1592698542315,27.5369377312925,27.9484988793717,29.7518360929166,30.4270115711382,31.1855752558333,34.2359696474799,36.1942475285369,36.9592670743784,37.5182370519659,38.2117041367688,39.0407443056448,40.0925116840697,41.1857041715169,42.4870981809337,43.4597812603159,44.12903886582,47.0067389718019,49.4664220685581,52.1413005368591,53.5895653873551,55.4725248883715,56.576477144396,57.6024210782355,59.6887402053616,62.6471385756728,62.9182847438192,63.8866639157705,64.9750145073579,67.2351038970064,70.7185789738868,75.1725851764338,77.0200374411453,79.6809282102959,80.9516568792675,84.5077603940442,86.7447162812516,91.4295195197804,94.0694287402054,95.9378625536425,100.217560505238,103.794107580312,106.816526573657,110.353800493424,112.956588512257,116.309870389353,120.084935194677,123.86
Servicios para pacientes externos,7.57136856143583,7.59816621765654,7.73215449876009,7.74383552839476,7.83659664608183,7.85240039205814,7.42432501191707,8.3107090253713,8.400034546107,8.62059987038515,8.7868827628316,8.75390103209842,8.97927619210849,9.12975533857863,9.22045509809488,9.97216371105529,10.0044583223982,10.1247042156963,10.2154039752125,10.3177847643634,11.3161692384324,11.4295439378277,11.582771561859,11.7669195584525,11.8445640495536,11.918085824313,12.1462094618841,12.2575228031086,12.7632426743507,13.1665817564419,13.6386327775606,13.8914927131816,14.6576308333378,15.0073746029876,15.4759900271548,15.3742963573942,15.1997680322645,15.4024682523955,15.3901001033705,15.8408504233907,16.1053913886464,16.8055660473362,17.385494812728,17.7462324926221,18.258823557767,18.7157579522996,19.1280295864644,20.9667610748392,22.0304218909843,22.4495647190518,22.915431665658,23.3263290610422,23.5839988323951,23.67126299496,24.2408849694977,24.9953420600192,25.2640057416165,25.7662900159073,26.3283536771519,27.3830819412234,27.6936599056275,28.3216870283385,28.5195774127376,28.8885605253151,29.1407333415458,29.6739379883989,29.8106747470636,30.3067749468418,30.820053131377,31.338141151644,31.4625097612837,32.9879148076933,33.2139770870937,34.3676505433647,36.1713389428356,37.816302763153,38.9253134590562,40.0686801244731,40.8712355723138,42.5835370928782,43.3201290792525,45.2825420578768,45.5079172178869,48.2618917341075,49.3049389685443,50.9444058337395,53.5135452339762,54.3800027851125,55.4464120788187,56.4887721938653,59.2413724713053,60.9248149774781,62.275691698758,65.4556802369488,65.7731293952557,66.4403223232123,66.7893789734718,68.0502430546257,70.0057848393472,71.0735683718339,73.8124262614685,76.3733202290219,79.2276141762226,81.0223700236199,86.3461710594675,90.2943590759854,94.7956782016743,100.144215535572,101.271778455012,104.513607738328,108.707097377174,112.371505085508,117.525587631958,121.130215953339,125.002133717536,128.29
Seguros médicos,7.29267102209143,7.35107835619845,7.82245989969743,7.89254870062585,7.89254870062585,8.4429519314461,8.55495658391014,8.56045374476727,8.56045374476727,8.56045374476727,8.56045374476727,9.25653173830149,9.25653173830149,9.25653173830149,9.98696698719277,10.1422617814067,10.1395132009782,10.1395132009782,10.396505471049,10.6741120943342,11.0843377232976,11.0953320450118,11.1963423757616,11.8587502590459,12.199574232188,12.2050713930451,12.2064456832594,13.1189743855432,13.1189743855432,13.4384968603639,13.5594343992208,13.6501375533635,14.2094736705765,14.2094736705765,14.2094736705765,14.921356001575,15.0759636506818,15.9561965329299,16.1376028412152,17.3346096178555,17.5902275977121,17.5902275977121,17.5902275977121,18.9040490425664,19.1988342935301,19.1988342935301,19.1988342935301,22.0786594375596,23.1574772557715,23.1574772557715,23.1574772557715,25.2409012206242,25.2409012206242,25.2409012206242,25.2409012206242,26.7498718759067,26.7498718759067,26.7498718759067,26.7498718759067,26.7498718759067,28.3543557010818,29.7478859783645,31.2451751668255,31.2451751668255,31.2451751668255,33.1183327288929,33.1183327288929,34.4431484954615,34.4431484954615,34.4431484954615,34.4431484954615,37.0247526629917,37.0247526629917,39.8008188958428,39.8008188958428,42.9829878870145,42.9829878870145,46.5994325858996,46.5994325858996,48.9288544991089,48.9288544991089,48.9288544991089,52.5982093712438,52.5982093712438,55.491090272309,58.6471477494094,61.8052666618311,64.2755533220044,66.844788877606,74.8651465681601,74.8651465681601,74.8651465681601,74.8651465681601,74.8651465681601,74.8651465681601,74.8651465681601,74.8651465681601,74.8651465681601,74.8651465681601,74.8651465681601,74.8651465681601,82.3509053653583,82.3515925104655,82.3509053653583,85.2327919447093,89.066374497451,93.9636576760476,93.9636576760476,93.9636576760476,102.416916784101,111.634968396402,121.680342717702,121.681029862809,121.681029862809,132.63,132.63
Transporte,6.07334123370548,6.23234952909624,6.32875177090109,6.36808831784445,6.5337450437045,6.74427867523233,7.24734324740936,7.31382755210236,7.36535288823943,7.60802060036888,7.69057194536269,7.75373203482104,7.84514795377391,8.08670759415848,8.15042171948927,8.26344503746737,8.62910871327886,8.95266566278479,10.1793010843706,10.5427486166924,10.9870853863906,11.3305876273044,11.4696506312873,11.7632896436813,12.2120587003591,12.3777154262191,12.7322983845818,12.8580645276261,12.982168563053,13.1029483832453,13.138960714954,13.2846721494061,13.4359239425827,13.6065669912947,14.0071349270701,14.1888586932309,14.4392829075746,14.5833322344094,14.7694882875498,14.9057811121704,15.1102203491014,15.5667459079933,16.2271566679438,16.5401869358733,17.2454746014916,19.5768575527261,20.5907431992943,20.7203875934457,20.8533562028317,21.0062701036256,21.1192934216037,21.3198544074275,21.8938355712771,22.1160039561262,22.4367907262699,22.7199030570876,22.8899920699272,23.0024613520329,23.1598075398063,23.2977624720443,24.0113606757491,24.45403533783,24.5033445304773,24.76263331878,25.2119564113302,25.7560196380679,26.121129278007,27.5250561787741,28.1378198536946,29.6575402518021,30.0304063939553,31.823820513049,33.0255243203749,34.6144992025376,37.8450823747449,40.0673202591084,40.9609801213569,41.7122527643877,43.803738182855,45.2974188949577,47.4276868244959,49.269302064492,50.152435245164,50.8809924174248,52.261095775677,53.4423002557226,55.1321096666696,56.377028272046,58.4895670536661,60.6996161488359,62.2459302688206,63.1844670367367,64.5097208436172,65.2199948320874,65.4549060420027,65.1468620969251,66.0294412417247,67.4167470663186,69.3508862970124,70.6257228395007,72.9388226069446,76.5478122800296,79.7767333446196,82.3092313175504,85.9625438604307,90.4280729923105,95.3883561582807,98.334164892053,100.199049638692,102.54483752261,103.613018684677,106.403697374166,109.4065718028,116.358613930198,120.174813019576,124.36
Adquisición de vehículos,3.63141038415773,3.64497054242568,3.69988918341089,3.74395969778173,3.80294638624733,3.79142025171957,3.87786626067777,3.94329402432064,3.96058322611228,4.12872918863489,4.17279970300574,4.12330512532771,4.16229058034807,4.39281327090327,4.40806844895472,4.45620701080595,4.62333596145846,4.76741264305546,5.13251990442009,5.37117868993605,6.04342353606981,6.33801797444108,6.41192083700142,6.34412004566166,6.37022335032747,6.58447385096112,6.71092232680978,6.87906828933239,7.07399556443421,7.17908679101084,7.26553279996904,7.41299952113303,7.60894380810494,7.95981290328822,8.18219949888264,8.42221430022541,8.88970075651307,9.06055875068928,9.45007429693622,9.73348160473643,9.96197027155143,10.670488541052,11.6559730431754,11.8186949423909,12.12583252716,12.4085618270468,12.6282363909876,12.6031500981919,12.6187442802001,12.691969134847,12.8238416740028,13.0275830519788,13.2252223587342,13.2140352281632,13.3652309928509,13.591346631969,13.6838947121477,13.7554245470112,13.9961173562674,14.2554553831419,14.4717399075158,14.6225966682468,14.7849795635055,15.0178752817576,15.2111075370759,15.4287480772766,15.5870629250549,15.9362370004547,16.2650708384525,16.5633943203475,17.205467814335,18.7462407975312,20.2388752188761,20.4517697036829,23.5028053139723,24.1794572115431,24.9835745968327,25.8171853263551,26.2321261693544,26.7745325000726,27.5637337112674,29.4204583821068,30.4561154698217,31.4931285733634,31.9724801681355,33.5227452621192,36.860239215819,39.0549508314872,42.064966963016,44.6658053188093,47.9541436987878,48.1280527285743,48.6470677862802,50.5617621337151,51.2882476129207,50.1508893381962,52.3303457758129,55.7861521104006,59.3128102719384,60.2623603546518,65.6396411158084,69.7066715843241,74.7168110603759,79.100810228405,82.3396540307055,87.8410102400139,92.3931553705656,96.2828867697279,99.8675146078611,104.038280287127,108.848407428726,115.417626101636,121.310870884888,128.245196819162,132.207136061102,140.17
Funcionamiento de equipos de transporte personal,7.02239017633804,7.15642905133029,7.30667727864718,7.37338499782937,7.51739885886755,7.56727378909722,7.96253261116739,8.07412776755628,8.16889013499266,8.58721611229405,8.7168909308912,8.93821093378538,9.12835910528601,9.27174952969632,9.37586344655076,9.5036679552643,10.0017938209332,10.3777261075393,10.9232331569264,11.538565108635,12.0572643830236,12.6326963905484,13.0055114940153,13.1545128480764,13.4749592748021,13.7417901515308,14.074081874186,14.2305644677816,14.3789423852149,14.4805625555579,14.4419094846299,14.6601123043847,14.8558714055361,15.0485133235483,15.2505067909784,15.4799314700349,15.7243186281603,15.8982574473363,15.9948901246563,16.1164602670911,16.3371568333575,16.8433873751886,17.6002394414239,18.0989887437207,18.7261659913588,20.1899951935997,21.3315076592314,21.7224024249065,21.9281365121039,22.1469627684865,22.3015750521985,22.5702762388109,22.6962104376408,22.8795008062349,23.6774996899097,24.2884675852232,24.6818560974097,24.9418291712319,25.1625257374982,25.289083372956,26.2335898641804,26.3545365699874,26.5166300932338,26.9374498170467,27.9125047030368,29.0172344076241,29.6699725570049,30.732308570897,31.2366688028446,32.4105999731255,32.7491260620594,33.9105884997829,35.5483565211998,36.9566998635602,39.9036848035061,42.6125169516052,43.7608872201435,43.9504119550162,44.6305813160234,45.3868099456308,46.8525094577554,48.3219495896471,49.9341567093213,50.7514821284601,51.6878839435222,52.6448591673041,53.876769943977,54.9858637049594,57.9409533210675,61.2401799557604,61.8773321894445,62.3374284208133,63.0045056126351,63.4003878713332,63.4602377876088,63.5238283236516,64.1703321067538,65.1628432183243,67.5387602071403,70.1609346639654,72.0212695615323,75.0305981642652,79.9831787360718,83.5093363033097,86.3079433258223,92.1183726975792,97.6775571083042,101.251719295888,102.894474810328,104.271646321295,105.398196307858,107.100178301945,108.907521086143,110.792170012197,113.153747958572,120.63
Servicios de transporte de pasajeros,7.44799579700217,7.77926424317013,7.85272544671365,7.85549756760208,8.15350056310883,8.77445564211822,9.81608006594759,9.8327127912782,9.8645921814952,9.97409095658837,10.0385427672445,10.0184448908033,10.0427009485771,10.4224815102927,10.4862402907267,10.6463302720338,11.0517529519674,11.4918271430064,14.3956237736419,14.5841279940554,14.7456040358068,14.8675773548979,14.7913440304659,15.6070406018879,16.6223298772771,16.6285671492761,17.2363546540654,17.291104041612,17.3250625224953,17.488617654913,17.5703952211218,17.6327679411116,17.6937546006572,17.6778149055487,18.5004417791917,18.5780611640679,18.6445920653903,18.7339929640423,18.8483429506902,18.8712129480198,19.0423914128807,19.2225792706289,19.4928610572513,19.7326495141009,20.9329778587932,26.3157435939115,27.9561461296427,27.9180294674268,28.0767333882897,28.2305860975978,28.2811773038117,28.4045366833471,29.8952446911029,30.3893752394664,30.3048255523691,30.2549273763773,30.234136469714,30.2098804119402,30.2202758652719,30.2646297994868,31.1912112064461,32.312534105818,32.1233368551823,32.2224401769439,32.2924362293769,32.4823265102347,32.7068683021979,35.564231907952,36.5982329993382,39.733501724158,39.9143826121283,42.7821416712141,43.2360764666953,46.3886709470678,50.2654820095438,53.4277789130258,54.1332836791325,55.5207301837941,60.9672546993463,64.2993440072449,68.5697962358787,70.9254059608262,70.8214514275099,71.1845992638949,73.996915905212,75.1563554667998,75.9394796177826,76.5188528834655,76.866061024742,77.4856300433071,78.5771526431283,80.8461335903122,83.7741862787214,83.7741862787214,83.7741862787214,83.7741862787214,83.7741862787214,83.7741862787214,83.7741862787214,83.7741862787214,83.8829920235925,87.9427630647053,87.5643685634339,87.2788401119251,92.5056740470689,94.5674389578423,99.3881571828304,100.819957621707,101.433289368273,103.352983083514,100.916981852802,101.630802981574,103.520003367042,116.915584530181,122.517347815486,119.38
Transporte de pasajeros por ferrocarril,9.76232292115767,9.76232292115767,9.76232292115767,9.76232292115767,9.76232292115767,9.99100475640794,10.4072654826641,10.4072654826641,10.4072654826641,10.4072654826641,10.4072654826641,10.4072654826641,10.4072654826641,10.4072654826641,10.4072654826641,10.4072654826641,12.4235517294132,13.5916226722112,13.5916226722112,13.5916226722112,15.440507836947,16.7759798617582,16.9934518031237,16.9934518031237,16.9934518031237,16.9934518031237,16.9934518031237,17.5763662851341,17.5763662851341,17.827467908154,17.827467908154,17.950029414628,18.0083208628291,18.0083208628291,18.0083208628291,18.0083208628291,18.0083208628291,18.0083208628291,18.0083208628291,18.0083208628291,18.0083208628291,18.0083208628291,18.0083208628291,18.1062206027565,18.2676430746979,20.6590871034588,21.3869828797129,21.3869828797129,21.3869828797129,21.3869828797129,21.3869828797129,21.6956286246749,30.941549100872,30.941549100872,30.941549100872,30.941549100872,30.941549100872,30.941549100872,30.941549100872,30.941549100872,30.941549100872,30.941549100872,30.941549100872,30.941549100872,30.941549100872,30.941549100872,30.941549100872,29.9774982267777,29.9774982267777,30.878026368858,30.878026368858,31.7202630627373,31.7202630627373,46.3932668317038,48.6001212744948,49.7046694852788,51.2591081039734,54.7730361737341,58.822797171189,63.1864351974187,66.5561292991948,72.7828516890811,74.7647609279168,74.7647609279168,74.7647609279168,74.7647609279168,74.7647609279168,74.7647609279168,74.7647609279168,74.7647609279168,74.7647609279168,74.7647609279168,74.7647609279168,74.7647609279168,74.7647609279168,74.7647609279168,74.7647609279168,74.7647609279168,74.7647609279168,74.7647609279168,75.9545043322254,80.7112359706827,80.7112359706827,80.7112359706827,86.3221615231631,99.442968652212,107.47,107.47,107.47,107.47,107.47,107.47,107.47,107.47,107.47,107.47
Transporte de pasajeros por carretera,7.62589911781883,8.03759874588879,8.0594202809455,8.12197534810808,8.48566759905327,9.13085765223004,10.3201313128208,10.3535909999078,10.3528636154059,10.3528636154059,10.3535909999078,10.3543183844097,10.3565005379153,10.7725644729966,10.7747466265023,10.9900524390619,11.2766419328067,11.3115563888974,14.9717552024099,14.9855755079458,15.0343102695724,15.0335828850705,15.0575865736329,15.7689686164817,17.1597277840961,17.2433770018135,17.9940378077644,17.9940378077644,17.9940378077644,18.1126014815726,18.188976854271,18.1897042387729,18.1911590077767,18.1904316232748,19.3469729812805,19.3978898964129,19.4320769680017,19.4662640395906,19.5251821842437,19.5251821842437,19.6415637045462,19.7252129222635,19.8052252174715,19.9696141148987,21.3305505179356,28.1679648357053,30.2504666646175,30.2541035871269,30.253376202625,30.3748494144407,30.4715915531921,30.4912309347432,31.3706387975287,31.899447330403,31.945999938524,31.9474547075277,31.9467273230258,31.9467273230258,31.9467273230258,31.9700036270863,32.6391973688255,34.0481411489872,34.0481411489872,34.1434285187348,34.1652500537915,34.2067109703993,34.2081657394031,37.8305405588172,39.1652911197861,43.0968043525036,43.1128068115452,46.2100100205945,46.2311041711493,48.3216072295823,52.039269418744,55.6674633141733,57.0654963268066,58.4569828789229,64.7306742077275,69.0789787600283,73.8426198629084,75.8683857006732,75.8509284726278,76.0785998217195,79.4071113023699,79.7293426367073,79.8159013924323,80.0122952079427,80.0923075031506,80.4538176005902,80.6094778839947,82.4643083638152,87.0882916423324,87.0882916423324,87.0882916423324,87.0882916423324,87.0882916423324,87.0882916423324,87.0882916423324,87.0882916423324,87.0882916423324,89.0522297974364,88.8521990594166,89.3475479052039,95.2117217594443,96.7137707558479,101.607613684566,101.453408170166,102.048408692712,102.455016629269,102.505206159899,103.177309439646,103.945427473642,117.490781667845,119.014652199305,118.32
Transporte de pasajeros por aire,4.88745052323375,4.96789683529433,5.33866894395344,5.03486052522185,5.13822729490864,5.80651593197058,6.36919069565689,6.30941773753366,6.52109490502268,7.24106692692801,7.66442126190605,7.52869619909993,7.67340967666143,8.05137251712484,8.45899712628097,8.41585273545519,8.54573532867032,10.6467772777386,11.0620420394368,12.2341313235374,12.0664973883497,12.1595274810678,11.4215786296517,13.159488622603,12.7374825498382,12.351430136095,12.5163675468561,12.5671520902239,12.7932107213216,13.1320739575991,13.2754391729473,13.6183471958647,13.9837262556706,13.8790112237705,13.3873449366517,13.6417170742287,13.9010328399212,14.3144999186683,14.765718339388,14.9198696524427,15.4470401778453,16.2106060113141,17.576395633393,18.2617622584901,19.1277960201703,18.3660278696524,18.1404186592926,17.873462741058,18.9206130600589,19.308912577491,19.1498176363209,19.6967626741853,20.1084320699814,20.660770156699,19.8634977678975,19.5313758426865,19.3943025176671,19.2334098935459,19.3026206871623,19.4774453541542,22.1586894756818,22.344749661118,21.0953600101213,21.2652410489978,21.6108455963419,22.6512546042762,24.1186133130908,24.9347613728786,24.9248741166477,25.0062192701838,26.109097760668,28.7197828263659,31.5996709139872,33.8813799996385,39.2357786694139,40.9300948508016,37.6133698060692,37.7702176435504,39.4245353792767,36.8313777223517,38.8196150662401,40.6694308228958,39.0236520811871,40.251469536771,41.7601749534602,47.7451109183249,52.4568379330912,55.2634704404562,57.1371054962136,59.3702771421858,65.7574446673535,71.21835605198,66.8729069384952,66.8729069384952,66.8729069384952,66.8729069384952,66.8729069384952,66.8729069384952,66.8729069384952,66.8729069384952,66.9600945616223,81.1208925879738,79.6526350376837,75.2397728135336,76.7134234126769,75.6460491604764,78.1174137974661,88.3291518010447,89.3232704729889,99.8819612861248,83.5927066457012,84.8609719676842,93.368955954382,112.349341972564,141.426414285456,124.33
Información y comunicación,7.99591067582812,8.19706081427546,8.20785047687417,8.44830581478823,8.4298092503333,8.43597477181827,8.60706799302636,8.67951287047482,8.68799046251666,8.68721977233104,8.69723874474413,8.76197672033637,8.80821813147369,9.06100451235771,9.1272838683212,9.12111834683622,9.20974771818275,9.21745462003897,9.61358937544867,9.87485334837452,10.1576966464978,10.3072105425085,10.3180002051072,10.5584555430212,11.0825248692442,11.3206681366014,11.5534165726592,11.66593733976,12.14299456466,12.2801774177007,12.6747707927392,12.8458640139473,13.0354537996103,13.4076971592657,13.7259922059276,13.8038319146754,14.0666372679725,14.3279012408984,14.4157599220593,14.5598789867706,14.9552430519947,15.1926156291662,15.5078279150856,16.0180248179674,16.4079940518921,16.5251389601067,17.5771310634807,18.7046508050456,18.956666495744,19.4290995795303,19.5901738283253,19.7042359757973,20.4749261614193,21.3689267767408,22.0810445082556,23.2155004614911,24.1942769972311,25.7056004512358,25.8944195467132,26.0508696543944,26.0763024305199,26.5109716952107,27.0011306532663,28.1718090452261,28.8554112398728,29.0989493385294,29.456549584658,30.5278089426725,31.1065972720747,31.1073679622603,32.0013685775818,34.3203753461183,34.6617910983489,36.60855450723,37.6289483129935,37.7491759819506,38.488267869962,40.2924535945031,46.0695472259255,46.3809060609168,48.0224761562917,48.8817957132602,49.7318669880012,55.4480760947595,55.5297692544354,58.1809434929751,59.6822479745667,60.8721936211671,66.5907147984822,71.2819059583632,71.337395651728,72.3531653163778,78.0400881960824,75.2748518100708,75.5407399241103,75.7842780227669,76.0147143882679,76.2513162752538,76.5218285304071,76.5318475028202,76.5726940826582,76.6089165213824,83.7825007691519,85.6175141011178,87.8409552866373,87.9141708542714,92.2739652343349,98.8055645574813,98.9990077940724,101.047502307456,104.771477284381,106.588764742078,106.97565121526,109.639927186955,117.411567018767,120.24
Recreación y cultura,6.11333751965006,6.2224849634338,6.28138135636662,6.43051350727906,6.4591512029253,6.67042175005126,6.82279590424441,6.95517770487321,7.23939332581505,7.42742951609596,7.43553452429772,7.59385235117217,7.86780162839177,7.87698730435377,8.04503114107033,8.22172031986877,8.31681908276946,8.47405624188367,9.16946594559497,9.59957171416854,9.80219691921263,10.1145099019206,10.277150399836,10.5840600437427,10.9201477171759,11.0428035079625,11.1838306506732,11.4475135841706,11.8062952805687,12.1164469277561,12.6529984707129,12.9242460785319,13.0512245403595,13.3473275066639,13.7379889019889,13.9795181464015,14.5468687205249,14.7278805703643,14.9229411010867,15.1390746531338,15.5545914069442,16.4747800047844,17.3149991883672,17.7272739388969,18.0104088920785,18.3265042119472,18.7144639378716,19.4098736415829,20.0652986381655,20.0690809753264,20.3057472148178,20.5575428029526,20.9503655337981,21.441529030825,22.0369769667145,22.2601348592031,22.4746474096097,22.7658873709931,23.3299959418358,23.7271413437222,24.3647353222609,24.6289585896384,24.9888209537967,25.5053801431891,25.7674420750461,26.2061931857016,26.7946167811496,27.1523178097874,27.4484207760919,28.0606190622651,29.1293994771376,30.1614371881621,31.475529184608,31.9018526160208,34.3544280978744,35.5004762576037,36.1710306028296,36.7535105255963,39.0018398007655,39.5486576874445,40.2570354042786,41.5797727428064,42.7144738910532,43.7902786463673,44.8774304131638,47.1954627588682,50.5136531166701,51.7007666512884,53.7502530585743,55.394489055772,57.2959239799057,58.9055786087759,60.7573028159388,62.2626730059463,63.3444214339416,65.4690142505639,67.8907907012508,69.7506199166154,71.022025536532,72.5003790325337,76.4761557224387,79.7403126922288,84.075411412412,86.1519145137038,89.0189260816075,91.6346823952567,95.6142414223225,98.1786660173604,102.835803730094,105.061979316178,108.218609843825,112.902764250564,114.53997590732,118.147785224865,125.060816887089,126.49
Productos de recreación,4.52549123440446,4.56144100774261,4.64211898744334,4.69060937938781,4.77128735908854,5.21898744333454,5.34146748505637,5.45684117623461,5.60774662013078,5.81759297147671,6.01573474545674,6.08010992096923,6.1775087254784,6.27323544750672,6.55665342800979,6.73514823283989,6.82042443936294,6.99097685240904,7.18828258514864,7.67694869017531,8.00885706262286,8.219121434589,8.48498254904321,8.71405784891884,8.85200465358848,9.04053195330365,9.16677418060737,9.38121875877563,9.66338267741806,9.7975672965058,10.009921771573,10.4392289485297,10.6641240422032,10.881494764713,11.1515360853693,11.5152140249529,11.6251534480684,11.685766437999,11.8705315521322,12.1313764191439,12.4193926264693,12.7249656998435,13.1885505676576,13.6805608376459,13.8473510651101,14.1290969631324,14.5145119749669,14.9509255024672,15.5399165563445,15.8045236089381,16.1686195691419,16.5460921891924,16.6234260039315,16.7718233241064,17.0891009748466,17.3721009347294,17.8390299675051,18.1266281542103,18.312229309584,18.5471568981426,18.7039146307217,19.0512897661171,19.4316885305091,19.7527283668311,20.0470148834597,20.2869587194608,20.54278733903,20.8550487423276,21.0862141453043,21.765079632527,22.3883483772616,23.3878356801861,23.9120335379308,24.5361383239058,27.3740803145184,29.1435615998716,29.6226132306335,29.659399045212,31.0802511333093,31.7946483732499,32.1700308901994,33.6640365868336,33.9215372888835,34.7680290448109,36.3330982468809,38.2217154089943,41.8451181449834,43.1117206242227,44.8774397239941,46.7439017932363,47.6154747863762,49.1282914109199,51.0574565731937,51.7647474625908,53.1563381072732,55.6318562201629,57.8423492598387,59.3079295542986,62.9572495687407,66.5396862839491,70.240004814057,72.3848686163598,73.9256926224576,77.0416183255105,81.2523400328961,85.69757130822,89.340621013359,91.2593356601276,95.1126497372327,101.056066915393,103.854714967706,107.968037870582,110.359533838809,116.447168130942,120.035457134834,125.04
Servicios de recreación,5.81526089732428,6.05842707063672,6.23334494166812,6.53110975680539,6.50178826397353,6.60188577398572,6.67620059202508,6.8071362238087,7.19134888850195,7.34655058331882,7.47849730106216,7.54826223228278,7.62561030820129,7.75452376806547,8.06543270067909,8.17917987114748,8.5325544140693,8.71606651575831,8.8399245458239,9.03101979221081,9.53454060015091,9.87173776771722,10.0097510012189,10.2326954553369,10.3156045040339,10.667967960996,11.0966684079169,11.2634975912705,11.5668233791863,11.7609518834523,11.8848099135179,12.3923750652969,12.9424058273841,13.3352127227349,13.9843299088746,14.1112211968193,14.3280991351791,14.7380944918451,15.1723559115445,15.4680985547623,15.9751581635614,16.1844529572233,16.8623860932149,17.4063503395438,18.1970195600441,18.7394671774334,19.108008009751,19.7824023448836,20.256096117012,20.2616570897905,21.634711823089,21.9400597829241,22.1897980149747,22.3965650937373,22.6887689360961,23.4051233385571,24.6669586162865,25.4859382436589,26.2139201346567,26.6754808752684,27.4934494166812,28.0182030297754,28.7669121829474,29.740082419177,29.9468494979395,30.1622108073597,30.434698473504,31.5003830750479,32.6575709559464,33.5867589529282,34.3592286261536,35.0437338208834,35.4188467119392,36.4370102733763,37.8864019966336,39.0865610308201,39.1224545823902,39.8585251610656,39.9085739160717,40.2488043415172,42.2790649486331,43.2562795287016,43.9736450171223,44.4675605084451,45.6348592489408,46.9533153404144,49.4127819374311,51.0421469615184,51.5800446920889,51.7736676533751,53.4358929711533,56.1648139764351,58.9407504788438,58.9407504788438,58.9407504788438,58.9407504788438,58.9407504788438,58.9407504788438,58.9407504788438,58.9407504788438,74.5958999361542,83.302866678275,87.2445852922398,88.565063555633,92.8374072784259,95.6820976260955,95.7245632364038,96.8099640141622,99.5606233675779,103.090324452957,106.868247141448,115.631834697313,119.043238725405,121.059344129085,125.955527889024,130.65
Servicios culturales,7.62040140942027,7.71396794639716,7.71989821986752,7.91296156729166,7.91230264801717,8.2121109179079,8.2430801238087,8.42560076284108,8.91320102596005,8.98238754978099,9.01665135205422,9.3401807158264,9.69336144695042,9.7296020070471,10.0076659408798,10.0748757068773,10.2409233640475,10.506467831665,11.3110082658114,11.4441099592574,11.5765527334289,12.2552395861485,12.455551045592,12.7487701227379,12.9471048243579,13.6732338648405,14.1858730603899,14.2853698708371,14.7756058110541,15.2533222850558,16.0380951409675,16.1646076416687,16.261468775018,16.9065507447389,17.4653142895023,17.5845786781841,18.669818723261,18.9024172271543,18.9584253654855,19.0895503011081,19.7820744585919,21.4524348194117,21.8062744698102,21.9855005124701,22.5468997343314,22.8190333946938,23.7527220066392,25.2300190200348,25.531804047749,25.6602933062736,25.7373868613883,25.9205664196952,26.7685955259575,27.6950360258836,28.8158577117827,28.9759750954826,29.0820610986747,29.4082261395448,30.840057723001,31.589907857365,31.923979929529,32.1137486805807,32.3713861169044,33.1324378789347,33.4329050680999,33.8789934169263,34.1946157494047,34.7052781871306,34.9181091127893,36.1911411510945,37.8199895976217,38.2897990403296,38.9698037315982,39.1905416885508,41.8189706744719,42.385641250529,42.7322327889082,43.0597156683273,47.4079239606545,47.7162981811136,48.1083551494322,48.7751814552111,51.1308178614954,53.7823090220235,54.4254142339209,56.1320151548374,60.131655150962,60.5777434997884,65.0781621445217,67.564264567154,68.6027213437425,70.2803298165816,72.9456582818739,75.086487004676,75.2156351824751,75.351372553019,75.351372553019,76.4273877282532,76.5123883146618,77.0092134476235,77.0454540077202,81.5801364547267,88.0092118158779,87.5664180634239,90.5882218562126,91.9324171761622,97.3434622582339,98.4089347250764,100.494414228822,100.970812864274,108.637997542183,111.537901269192,112.632366184112,114.534007210276,126.101335073862,129.22
"Diarios, libros y artículos de papelería y dibujo",5.14346107681756,5.30891632373114,5.52862654320988,5.57077503429355,5.68690757887517,5.74385288065844,5.92275977366255,6.11287637174211,6.26174125514403,6.40208676268861,6.44423525377229,6.61865826474623,6.71281978737997,6.83836848422496,6.99306241426612,7.18004029492455,7.28585991083676,7.34997942386831,7.82347736625514,8.23420096021948,8.46556927297668,8.76643775720165,8.88929612482853,8.95700274348422,9.31705847050755,9.48296210562414,9.64124314128944,9.87754372427984,10.3245867626886,10.5752357681756,10.888210733882,11.1424468449931,11.6441932441701,11.9535811042524,12.3293304183813,12.6342343964335,12.8418381344307,13.2651165980796,13.5964754801097,13.9628086419753,14.4282355967078,14.7394170096022,15.5223028120713,16.0881687242798,16.6625540123457,17.3911848422497,17.8108762002743,18.2458127572016,18.9228789437586,19.4443544238683,19.8564231824417,20.2442789780521,20.6760768175583,21.0724519890261,21.5567112482853,22.1808676268861,22.4180649862826,22.831927297668,23.4511514060357,23.861426611797,24.1766435185185,24.9640132030178,25.3151011659808,25.6747085048011,25.8536153978052,26.0262448559671,27.1664960562414,27.6162294238683,27.9619367283951,28.5040380658436,29.7187217078189,30.3805426954732,32.3153377914952,32.9838846021948,34.7527760631001,36.6987808641975,37.5861411179698,38.1582844650206,39.7913143004115,40.6665680727023,41.8287902949246,43.825462962963,44.2218381344307,44.9137011316872,45.9956618655693,49.0944727366255,51.746688957476,53.5953935185185,55.5835468106996,56.7394915980796,58.8276354595336,59.9414317558299,61.0610570987654,63.7330024005487,64.1746647805213,65.953869170096,67.7528026406036,70.5153223593964,71.9837937242798,74.4041932441701,78.4056095679012,80.4560888203018,82.2016640946502,86.4178583676269,87.7415003429355,89.8632733196159,94.8157210219479,96.655009430727,100.247047325103,107.409152091907,110.922273662551,117.23378600823,120.155483539095,122.713538237311,134.002608024691,135.98
Paquetes turísticos,6.19018797327394,6.21975974680577,5.95208421052632,6.41605514007737,6.32632010315321,6.65262932833197,7.376118063533,7.53315437815028,7.70803572851952,8.27397829093893,7.65806962841402,7.6907005509319,8.92149815965303,8.23879807759934,7.99763516586567,8.38767666158715,7.97622112296331,8.09552793341929,11.3346568514828,11.6497491970461,11.3581103270426,10.9833645762513,10.9797955691009,12.0632441683273,13.0284056734263,11.2806118860626,10.4872725823467,10.9950913140312,11.2500203962021,11.8108643769781,13.4781005743758,13.8487674598523,12.8958425506975,12.6082825460087,12.5496488571094,12.6077726878443,14.188332997304,13.4959456101278,13.4148781619974,13.4429203610362,13.7411873871762,16.0024083460321,17.8480949009495,17.3540423397023,15.4150517407103,14.3596453405228,13.9701137029657,14.0940092369007,16.7524097057789,14.992379322471,14.8348331496894,15.0882326573672,15.5639303246982,16.958392404173,17.8944919939046,17.6874895791818,16.8115532528426,16.755468854765,16.3832723947954,16.2813007619271,19.4439509553394,18.1234183096941,17.7716161762982,17.9332412143946,18.0183875278396,19.9879696166921,21.0938519751495,20.9128523268081,20.5722670730278,20.0262089790177,20.6869851600047,22.3792044074552,25.9344453874106,25.1100047356699,27.241721720783,27.3345159066932,28.6203781971633,31.0697368186613,34.8273914898605,35.2658695111945,35.4229058258117,36.1270199507678,37.26400365725,36.6552330090259,38.7181191419529,39.4309008557027,41.1812439338882,42.2544953698277,41.9929381315203,43.955382206072,50.0497168444497,51.6440433243465,51.6833024030008,52.9742632751143,53.7696420114875,55.5694413316141,57.6251894502403,59.1812765678115,60.2463702731216,61.5118382370179,64.8947471574259,65.9562718555855,78.5166277341461,81.1490254366428,83.5861474621967,85.3477074199977,91.3579154612589,99.1791397022623,117.867480858047,108.760904184738,102.285195639433,105.84655491736,106.9198063533,117.306127019107,120.761435798851,108.74
Educación,7.61212598602533,7.69820502570282,7.74906991278497,7.76863333089349,7.75624316609143,7.76732910301959,7.83710529427331,8.05817191889959,8.30858367068866,8.69267877955261,8.76180285686938,8.89939889756597,9.43608866767639,9.75888506646698,9.69628212851971,9.79083864937756,9.86648386606384,9.86322329637908,9.91147972771344,10.0823335791945,11.3135246921574,11.411993896637,12.1136684927959,12.1997475324734,12.4651579048123,13.0566252456266,13.1453127410519,13.2816045538746,13.4935415833835,13.6076615223499,13.7615604114703,14.002842568142,15.1342602487515,15.8111545153063,16.2943709425867,16.5369573271324,16.7945423322279,17.9787812417303,18.0968138643184,18.1861534736807,18.2004999802936,18.2004999802936,18.2337577910781,18.3048382102057,20.1398868287849,21.4186822591452,23.0222304301069,23.127220773956,23.4493650588096,23.7102106335899,23.8993236753056,24.0323549184435,24.1034353375711,24.1093043630037,24.1093043630037,24.1093043630037,27.727884599143,28.0161189592753,28.2671828250013,29.090150613433,29.0934111831178,29.7077025117253,29.752046259438,30.6565282899886,30.6454423530604,30.663701543295,30.663701543295,31.2669069349744,34.6272500520813,35.0700354152708,35.1782863288046,35.4978221579104,36.6833652952868,37.0015968965187,37.7410941010208,39.1724841926275,39.4483283879577,39.5265820603918,40.0443605263306,40.4128049007077,46.5674562376483,48.0353647097243,50.7585925104303,51.3031076477842,51.9421793059958,52.6523313833351,53.4576920954692,54.5369406611226,58.1483476439555,58.8298067080689,58.8271982523211,60.1431641770876,66.3558536544168,70.6774127145889,70.9871668346405,70.8789159211067,71.1710629648606,71.9653377400666,71.9881617278598,71.998595550851,72.9728537726554,74.0997066557061,74.0997066557061,76.3253715225188,90.1091038078454,94.8004114702686,95.5601242068162,97.082810249596,100.744430005574,103.913051625217,104.888614074896,107.583148862376,107.635970091269,107.635970091269,107.649664483945,115.82
Restaurantes y hoteles,7.03487906009476,7.29089621165019,7.37851373196407,7.49844409664901,7.46550985142465,7.61526745706751,7.80417331646764,7.90049044872757,7.94585271101773,8.03595583474476,8.3895329202667,8.61820843427738,8.99602015307763,9.21972446026199,9.5074330553352,9.88089496816242,10.229500846858,10.349431211543,10.778197800313,11.1796227515383,11.7575255450979,12.0334275239586,12.2869590721009,12.3118151062324,12.4727579272345,12.5125275818451,12.6803058122333,12.7132400574577,12.7486599060952,13.0046770576507,13.5247895718543,13.8174693737538,14.0337168706987,14.15861844221,14.3263966725982,14.3742445383016,14.5892492335399,14.7427352443025,14.9446905216217,15.0956909289711,15.2205925004824,15.9706233304033,17.5632737173852,18.0896002401218,18.5388730570504,18.7576061574084,19.25845524516,19.8338724353065,20.7746733271874,20.8716118603006,21.065488926527,21.3550617241601,21.7105030122419,22.3511672919838,23.1223257509165,23.3143386145831,23.5852693866175,23.8568215595052,24.2222052612396,24.7112477327788,25.5172046394957,25.7054890980426,25.957156443625,26.2473506421114,26.7090514761057,27.4180698497095,28.3793769697489,28.8727692472611,29.1089015715113,29.5587957892931,30.1491265999185,30.8979146281328,32.2643751045173,32.5632689149497,34.2963558947752,35.5136801663701,36.4401888386253,37.9296866839611,39.824337885642,40.9807648736145,41.9501502047467,43.4514546662951,44.2754321977574,45.2814801792338,47.2873621336535,48.3922128508029,51.4134637994983,52.5009152927556,54.668982869884,57.2496606135969,59.54138696053,61.3695482709088,62.9379640246125,63.5792497052076,64.3591077760865,64.9152615397809,65.5155347640589,66.8248263619407,68.9910297365092,70.0070201316382,72.9785590120704,77.2270766460133,82.9495571039599,84.9144266020625,87.6523187616577,91.2955919644963,93.7358331153657,97.0833195120382,101.977472632549,105.961273502991,109.099347812105,115.069145809661,120.910935231439,130.073490813198,138.304566515876,144.92
Servicios de alimentos y bebidas preparadas fuera del hogar,6.70556684619671,6.88360121337543,6.9806033270542,7.10008154024391,7.06045262794832,7.17460755441175,7.23375518470369,7.35145896898464,7.43130826987875,7.54013990961591,7.92045917239306,8.14048835707905,8.47999575495476,8.73610499411884,9.06910615266244,9.468352657133,9.82737877300505,9.93325303122761,10.1911366993005,10.6382927843075,11.2557940445553,11.5468003855916,11.8330749162046,11.8579169209272,11.852002157898,11.9442724611534,12.203930558135,12.2376447074014,12.2453338993394,12.4422955082115,12.7421739937916,13.040278050463,13.3797854483387,13.575564104605,13.7488666613604,13.7802149054151,13.8346307252837,14.0280434763383,14.2900674785316,14.4456257461994,14.5639210067832,15.2932112882828,16.524073474658,17.1427576875116,17.7969304785404,18.0690095778833,18.5723559116677,19.134849875744,19.7227773208458,20.1699334058529,20.4112557374439,20.7111342230241,21.0630626232611,21.4883340850601,21.848543153538,22.1129330609429,22.5240090914719,22.8664738708622,23.2621715175152,23.740675846577,24.2446136566643,24.6545067345874,24.9549766964704,25.2962585232549,25.7582015158349,26.2089064586594,26.6199824891884,27.1866167873851,27.7544340381877,28.3459103411071,29.0302484235848,29.8269670036171,30.6579912092188,31.3736775357512,33.2734994207282,34.4304270692385,35.3602278174277,36.303632520584,37.1447118233354,38.3897694409806,39.8944851556074,41.5393807540262,42.4532116420366,43.410811776463,44.4435294013602,45.9529769264104,49.3143367559011,50.4481968285975,52.6206892892202,54.7925902735401,56.0500688935466,57.9723668780345,59.6113477134241,60.2217512580368,60.961688112989,61.4875105462843,62.0559192733898,63.2962450806116,65.3480763754389,66.3104083202887,69.1246525695789,72.9254792921387,76.8558393250378,79.648790427423,83.3762740884207,87.3178721710753,90.5905105551281,94.0258049224837,98.013538156766,101.954544763118,105.492756007181,110.734419003653,116.14761012797,123.875248025612,128.314869155324,133.76
Servicios de alojamiento,7.7047973532125,8.65593037768613,8.6125405293575,8.68898930974604,8.73926643558715,9.1910718404059,10.6256917462557,10.4714167299761,10.1428935926308,10.0154789586499,9.95624837204255,10.1835285299544,10.8150918778489,10.6201819242457,10.3391810017365,10.3136980749403,10.4176959653788,10.6346452070219,12.6381542354026,12.4212049937595,12.3778151454309,12.3964107947146,12.2207852181463,12.23387104542,14.0328279316801,13.5211032125027,12.6925637277512,12.7015171885175,13.0045573990666,13.763535380942,16.325602615585,16.4488848830584,15.3338346537877,14.690562934122,14.7325753269481,14.9343725580638,16.6988930567614,16.3875881131973,15.9068561428261,15.9530009021598,16.0948788189169,16.7705207428913,21.4297639800847,20.8174850092251,19.0205943062188,18.6128674774799,18.8966233109941,19.3794214646191,23.5448469041676,20.0536859330909,19.6927925914369,19.7609766388105,20.0213157287823,22.6067997069677,27.2591556666486,26.6379232350228,25.3871936387562,24.828635432494,24.748054285598,25.1640458473519,28.7282119600608,26.5910897479379,26.2508582388214,25.9188914627198,26.1964487464728,29.2557774175168,35.438486440471,35.0045879571847,31.7847857200998,30.6242794592468,30.0347285041784,30.0078681218797,36.2945750352724,32.2441671301823,31.627067065064,32.9962578345453,33.5362203915238,40.0026852479922,51.8797953182657,51.6848853646625,46.858970011667,46.325894732201,45.9264326364771,47.0442377767528,58.1616811373996,54.7387042136965,53.1546303858259,53.3584938001954,54.6629441610593,60.4048674232147,72.3281222528218,72.5044365571413,72.7627094638594,73.4679666811374,74.3633127577599,75.0107168439331,75.70426568944,77.2174005589321,79.7209259347189,80.8945180228457,84.32920331832,91.5112563083351,113.250947776481,106.060630053451,97.7036075198068,96.934987349414,89.9933003445843,91.177912076731,103.413160577654,106.310638227154,104.20037639733,115.285449553668,123.250585996853,143.501936794552,187.091516171044,203.07
Seguros y servicios financieros,9.52787586151087,9.52031405527157,9.87487874782515,9.91352797971488,9.9857852393348,10.0891299246052,10.2176806306732,10.4882252539012,10.6411417800736,10.8360683409088,11.0133506871856,11.1343395870143,11.2612098916958,11.4351314351995,11.6745886327772,12.3517903915407,12.6601440459652,12.7660093333154,13.1516614515194,13.3961598532565,13.8448270234547,14.1960309132352,14.3707926574323,14.491781557261,14.841305045655,15.4109611156819,15.6050474758237,15.7251961749592,16.0495136425556,16.3729909094587,16.8065344671783,17.2434388276709,17.3963553538433,17.5005402398069,17.945846607232,18.5239046841914,18.8280573351496,19.5136611008457,19.9850136897617,20.3967120294566,20.6118034069299,20.8907500370905,21.1982634908218,21.7267497268791,22.4619253334772,22.7400317629446,23.7642364080223,24.0011730035202,24.2885216406134,25.1556087560525,26.1655299893449,27.5157325034056,28.2551091134699,28.6289984219684,29.1826906788234,30.094308431005,31.0143281901191,31.4033411110961,31.8377248695089,32.8736923242923,33.4357865880798,32.9686350026301,33.5660176955343,33.89789696937,34.6574383960725,35.3043929298788,36.4033754366562,37.6107438328635,39.0113583885195,39.7482143965041,39.8801259053451,40.3464372901016,41.5907745168121,42.9040082003696,44.2516901123505,45.5195529584721,47.4671381654371,48.4375699661465,49.3248218982237,50.4406084188662,51.9731344833632,54.0165025693592,55.3230146473706,56.5026564207005,57.9679664297371,59.048464521263,59.684496446057,63.5426980294836,64.5509388613895,65.2323416236192,68.049534548103,69.3703300378998,71.0339274105445,71.5456096327367,70.3668080601001,70.8776500815991,70.956628946765,72.2883470455741,73.289866271934,74.707284841455,76.7682971420094,80.0207140255992,83.0807249504336,84.97705791511,87.3018932333464,91.4844122843694,92.5665907772818,94.3377338386631,99.1344395964555,101.745783351092,104.48147680833,106.846641759842,111.274499413296,116.651783850127,122.013104473787,124.59
Seguros,9.57537964622721,9.54943010789055,9.85998748604864,9.90351574390368,9.96127439374979,10.0508421551054,10.1370615889336,10.4518043765008,10.6468444549667,10.8711823992965,11.0771045422261,11.2168972164914,11.3650607095749,11.5667974430953,11.8438715459803,12.6298914330165,12.9103138634288,12.9931849697298,13.4041921737072,13.6377380187371,14.05125646836,14.4589153448101,14.5752697263841,14.716736564413,15.1210471133358,15.7823417999797,15.9397131937633,16.0769946223831,16.456192714851,16.8278570703825,17.330943281361,17.8365407379849,18.0140020969324,18.1353789697974,18.5999594142118,19.2311191531099,19.4512716880306,20.2464994757669,20.726984475936,21.2041211485778,21.4535715493625,21.6712128386377,22.1249112185883,22.7376551560862,23.5906415936686,23.899524808063,25.0881810802584,25.2137433625326,25.2279737545236,26.2065224743802,27.2980772482836,28.7495772313728,29.511321743836,29.8762894443129,30.3793756552914,31.3068623803565,32.0786518754016,32.3364730950046,32.7709185916731,33.9009791321406,34.4994926776474,33.8524283829946,34.3061267629452,34.6911844285859,35.4939459532587,35.944296005682,37.2183346298238,38.5568285588663,40.0342780802922,40.7474718436094,40.7683988906551,41.1358778367775,42.5790070010485,44.1024960259749,45.4836811309906,46.7007981871681,48.7909916460919,49.6046352352285,50.4073967599012,51.7015253492069,53.0701542259952,55.1620218486827,56.5808756383806,57.5518906213008,59.1381607873643,59.980265160483,60.6524419115906,65.1006950316231,65.4388761118815,65.9277319308689,67.8764585517638,69.4083183955085,70.4680640579024,71.0615551121182,69.6946003990936,70.2864172895458,70.1482987790442,71.5612929955694,72.7223255656644,74.3671914634559,76.757060236074,80.3431190178239,83.5692325903879,85.4016048297088,87.0456336456184,91.2703859032029,92.1727601718132,93.835204789123,98.0114062975615,99.8303852267731,102.896616159908,105.581974836811,110.717472181824,116.760366286739,121.549311732675,123.75
Servicios financieros,9.32934714092751,9.4414452949122,10.0749302116164,10.083619990995,10.2513327330032,10.4433768572715,10.8361548851869,10.8309410175597,10.7179738856371,10.7275326429536,10.7275326429536,10.7275326429536,10.7275326429536,10.7275326429536,10.7275326429536,10.7275326429536,11.2158982440342,11.4687708239532,11.6920981539847,12.0118820351193,12.6862089149032,12.6862089149032,13.2293201260693,13.2293201260693,13.2293201260693,13.2293201260693,13.6551193156236,13.6681539846916,13.6551193156236,13.6742368302566,13.6742368302566,13.6742368302566,13.6742368302566,13.6742368302566,14.0027104907699,14.2538451148131,15.0854570013507,15.0854570013507,15.5077802791535,15.5077802791535,15.5077802791535,16.1768932913102,15.5651328230527,15.5651328230527,15.5651328230527,15.6511616389014,15.6511616389014,16.5913957676722,18.6082935614588,18.7838271049077,19.2826204412427,20.0090859972985,20.6130256641153,21.0518595227375,21.929527239982,22.7515803692031,24.6146690679874,25.8407969383161,26.2796307969383,26.7288923908149,27.0695317424584,27.7308239531742,29.248059432688,29.248059432688,29.7451148131472,31.6420936515083,31.6420936515083,32.0313957676722,32.9664160288158,33.8579873930662,34.6930751913552,35.7897253489419,35.7897253489419,35.7897253489419,36.9393831607384,38.5400405222873,39.6097523638001,41.5788563710041,43.0091940567312,43.0091940567312,45.5961413777578,47.3558217019361,47.96497523638,50.4763214768123,51.1923592976137,53.7932102656461,54.2068437640702,54.3771634398919,59.629266096353,61.5358036920306,69.8805988293561,69.8805988293561,75.3768842863575,75.3768842863575,75.3768842863575,75.3768842863575,76.8341602881585,77.6675101305718,77.6675101305718,77.6675101305718,77.6675101305718,78.8475821701936,80.885335434489,83.2107203962179,89.8636154885187,93.825285907249,96.0559522737506,98.527325529041,107.306609635299,114.959698334084,115.634894191806,115.99552003602,115.99552003602,117.222516884286,126.260756416029,131.24
"Cuidado personal, protección social y otros productos",7.12033811007269,7.26191360332295,7.44505254413292,7.56000145379024,7.6190994807892,7.71716323987539,7.89121017653167,7.96784278296989,8.01135451713396,8.08993541017653,8.20098774662513,8.38802326064382,8.55622533748702,8.70234683281412,8.91471007268951,9.0160209761163,9.19006791277258,9.48166147455867,9.99925628245067,10.5772479750779,10.8720886812046,11.095492211838,11.2305734164071,11.3124014537902,11.6137364485981,11.8319445482866,12.1235381100727,12.3917522326064,12.7151678089304,12.9710427829699,13.6217705088266,13.8516683281412,14.0374049844237,14.254963655244,14.503045482866,14.8219150571132,15.1459800623053,15.4115964693666,15.7226728971963,16.0129676012461,16.2896242990654,16.9039840083074,17.9521622014538,18.6347119418484,19.1691919003115,19.8420002076843,20.4147964693666,20.8466666666667,21.5558429906542,21.8052236760125,22.126041536864,22.5124517133956,22.9443219106957,23.2469557632399,24.0041898234683,24.4185254413292,24.5828309449637,24.9776836967809,25.5063187954309,25.8609069574247,26.0992473520249,26.396036344756,26.9831200415369,27.5033125649013,27.9572633437175,28.3547138110073,29.3230122533749,29.9133430944964,30.4185987538941,30.8407275181724,31.5492544132918,32.6370477673936,33.6573005192108,36.2777460020768,38.8637717549325,40.9516855659398,42.5239528556594,43.42211298027,44.9956791277259,46.2828471443406,47.7544529595016,49.0857821391485,50.5203705088266,51.5594566978193,52.7134917964694,54.5825480789201,58.507046728972,61.284004569055,64.2207219106957,66.330066874351,68.4199289719626,70.0902600207684,71.1735073727934,71.4170431983385,72.3229964693666,73.2081680166147,74.6589921079958,77.9197744548287,79.1069304257528,80.7382957424714,82.304718172378,83.7354099688473,86.6578398753894,89.2555553478712,91.718189615784,94.030805815161,95.9836384215992,97.6890386292835,100.65498026999,103.830038006231,106.464121495327,109.798289304258,112.78955867082,116.161393354102,121.004184423676,125.08
Cuidado personal,6.61214052623281,6.78709023932269,7.00877309495029,7.13399395123723,7.22027052207607,7.33051280703682,7.47250966320909,7.53541966277909,7.61570480508746,7.70677451875069,7.83259451789067,7.97878537403428,8.17590337268692,8.33707280015672,8.50363451330393,8.57073851284526,8.76785651149791,9.14591565177091,9.55992336322677,10.2423470728479,10.5886516419094,10.7809764977377,10.860662497193,10.999064496247,11.3321879225414,11.5652544923769,11.8408602047788,12.1056813458258,12.5005164859842,12.7042250560203,12.9864213398057,13.2176904810821,13.4046230512329,13.7011987634915,13.9744079044812,14.2775741881232,14.6256761857438,14.8869024696726,15.1499261821605,15.4435061801538,15.7436767495306,16.3380264597538,17.2169690251745,17.8808193063512,18.4913458736067,18.9538841561594,19.5937687232142,20.0557078629138,20.5799578593304,20.8435807146714,21.1970749979694,21.5925092809808,22.0748192776841,22.3612095614408,22.8153598440509,23.2940749836359,23.4588392682239,23.838096694203,24.2137592630638,24.6457412601111,24.9375238295453,25.2790352557824,25.9578641082853,26.5372352471823,27.0213426724447,27.5102432405315,27.9865618087043,28.6090712330207,29.1027649439319,29.4928069412658,30.1536615081773,31.3860983568961,32.5753969201955,33.9743954820615,36.675930606453,39.1857400178692,41.0113282911051,42.1922388544618,43.5600819879694,45.1819616911691,46.5204468248773,47.864923387116,49.5083722330255,50.8258873668771,52.1655707862914,54.3260799143809,58.5536318854844,61.774024720615,64.9794389844194,67.5233995384594,69.3106426691002,71.0631355142643,72.3105509343093,71.9720352223374,72.8066412166327,73.2913477847482,74.8712874882346,79.1030334593094,80.1611197377914,81.8519008690916,83.3982885728073,84.6852474211535,86.5150296943607,89.4981619596845,92.1158170846493,94.6394067816855,96.7411999101764,98.5110678980788,102.027437302615,105.193308138118,107.470050979699,110.809074099733,113.502820367035,117.400843768962,120.747056603233,125.4
Efectos personales,5.76887136035383,5.79629139850708,5.93643826017926,6.10755960939494,6.05932065338458,6.19134305930765,6.23805867986505,6.48280790930705,6.66814705608366,7.10280543866115,7.27291123090819,7.51359823247563,7.49074820068125,7.32825908569901,7.68370402472266,8.02899339405992,7.99598779257915,8.06047566008773,8.2107780914463,8.67894985398888,8.96939914701963,9.41218198534624,9.74680800651279,9.73919132924799,9.92757714693053,10.1687719269823,10.753224962434,11.1670644271544,11.3793158336,11.4549748277636,11.4366948023281,11.5773494424846,11.9729088817695,11.8947109951843,12.1948080794171,12.3958883592076,12.5908752971863,12.6401298101653,13.0956071105999,13.3088740740141,13.5617477592052,13.7034179563303,14.0532773320265,14.6123414432622,14.8591217866415,15.2760079222678,15.7639830456988,16.3819494611157,16.5728741712198,16.7800477928222,17.0339370349819,17.6036644943884,18.0601573517916,17.8560304010952,17.7610758245274,17.7900191981337,17.9702805600671,18.6425792733061,18.91576409787,19.1523888715629,19.2432812202561,19.3103079801862,19.4727970951685,20.0506490103241,20.4274206456891,20.5828008618909,20.6371331597131,21.2566229105829,21.9553261050065,22.6931282427227,24.1118613279114,25.4650909886229,26.2709354432379,26.8548807002053,30.9201552456673,32.5348908258033,33.7733625490585,33.7103980170029,33.8667937901733,34.4091012114265,36.0649668487924,37.780750347308,39.4005637122872,39.4569271240467,39.2934224520958,40.449126282407,45.294856358268,46.9532608880554,50.8301496158348,52.3021994418771,52.4073095881312,53.587894564174,54.8207807241018,58.0827497073702,59.9432500739169,64.269522760319,66.2544288555239,66.607334902126,68.4917008574356,71.4027949080393,74.0396885771105,77.1630340341597,81.152649585458,83.6950964564458,87.5405029181973,89.4827556207194,91.0198010927545,92.6919156416187,94.6717439519804,98.0733520184367,102.844946435587,108.842318113885,115.243373687216,117.2775342954,122.565031652619,125.37
Otros servicios,11.4917940610273,11.5505867544708,11.5505867544708,11.5505867544708,11.5505867544708,11.5505867544708,12.0339933450057,12.0339933450057,11.7302310955479,11.4046937744445,11.3720311669759,11.7520061671937,11.9360055226,12.2833179153492,12.6360740760098,12.7090205660229,12.9441913397967,12.9441913397967,14.4292512260346,14.5032864696301,14.5076414839592,14.7112384038467,14.9823380458358,14.8168475013284,15.0433082464438,15.1587161261661,15.2741240058885,15.4276382609908,15.4428808111428,16.1756119720211,19.6302270886142,19.9426993667303,19.9296343237428,19.9655631919583,20.0167346103257,20.543691344152,20.8528973615212,21.3515465022082,21.8186217890088,22.1637566745934,22.3303359726832,23.5170773773748,26.2302513044311,27.1524255886273,27.5182467922753,29.6783338995305,29.9439897736082,30.0332675673557,32.3261826116497,32.5352232994486,32.7333764514246,32.9010445030967,33.0197186435658,33.8994315380528,37.2506150643287,37.6578089041036,37.8058793912945,38.0410501650682,39.7122869138771,39.7307957247759,39.7950321861308,40.0519780315502,40.508165782528,40.6388162124023,40.9904836194807,41.0841164275573,45.8223720176654,46.2034357714654,46.6040970897466,46.9263681501032,47.2584379927004,47.2627930070296,47.5110288237907,59.265212498149,59.8291868537731,59.9141096331913,60.3343685159537,60.4867940174737,64.6251463837423,64.669785280616,66.7743459551746,67.689987717877,67.7476916577382,68.0884715289937,69.4069521171418,70.2692449543122,71.6073231069416,72.87354352314,73.3961452426373,73.5866771195373,79.3505385841587,81.0239528401321,81.0239528401321,81.8590268377453,82.303238299318,82.3217471102168,82.5384090730917,82.8726564228534,84.1867819966725,84.2923910941542,84.9968146618932,85.7088595047081,94.0977058562208,94.5234085068945,94.8162832205295,96.2741242672102,97.7755154571824,99.1614987674323,99.8680998423359,102.935118683635,105.707085304135,106.566111880559,108.152425849949,109.743094833669,123.045486102037,124.99
1 Base 2021 = 100.,,,,,,,,,,,,,,,,,,,,,,,,,,,,,,,,,,,,,,,,,,,,,,,,,,,,,,,,,,,,,,,,,,,,,,,,,,,,,,,,,,,,,,,,,,,,,,,,,,,,,,,,,,,,,,,,,,,,
Nota: los períodos posteriores de la serie se encuentran disponibles en https://www.estadisticaciudad.gob.ar/eyc/?p=128821.,,,,,,,,,,,,,,,,,,,,,,,,,,,,,,,,,,,,,,,,,,,,,,,,,,,,,,,,,,,,,,,,,,,,,,,,,,,,,,,,,,,,,,,,,,,,,,,,,,,,,,,,,,,,,,,,,,,,
Fuente: Dirección General de Estadística y Censos (Ministerio de Hacienda y Finanzas GCBA).,,,,,,,,,,,,,,,,,,,,,,,,,,,,,,,,,,,,,,,,,,,,,,,,,,,,,,,,,,,,,,,,,,,,,,,,,,,,,,,,,,,,,,,,,,,,,,,,,,,,,,,,,,,,,,,,,,,,
